cookie_id,score
ck_315fb710a0e371e7,0.0029479906557818383
ck_a76ee3b3e3e522fd,0.4666227021192883
ck_94c9a4d382689e82,0.13909924265395873
ck_8eaf9509ad9462a0,0.0011576623948067188
ck_9a88a5a989cb5bc6,0.01962433599741828
ck_15239ef0689c1a35,0.02974848691812148
ck_8de69cd219d3b87f,0.6979537080374665
ck_f92cd37022b0ce21,0.05295752670605858
ck_1a3ff7620580a514,0.008872142573029668
ck_397c03aa33a57310,0.5652854845828964
ck_a7cf6c3b322f6b7a,0.011144548840604514
ck_c39a9e75760e3201,0.008117800028000806
ck_88ab6d245228c38e,0.0015303161515538503
ck_17733f75ebdea93e,0.007717762631917936
ck_58eb871e8d7bed52,0.04452768409816752
ck_e55b7fa67db1ec27,0.0013567932260868775
ck_62f5cfe22c952694,0.0032236024852258056
ck_7fbb709a0fe95759,0.0034542311042509493
ck_87abe9cd066a20fb,0.08396817536539777
ck_d58e058b5c553dd5,0.024032790443181684
ck_d27b872648b71202,0.014178719776641695
ck_4b4a3c5b95c55b43,0.0027536158491385907
ck_66dd4f4b4127256d,0.0021910550551256045
ck_93cc12703b500613,0.183231512470762
ck_d28806a2179092eb,0.9954443522635238
ck_0595c2a0c7881e05,0.07678501284256257
ck_50087d8666191144,0.836196086062994
ck_b08b3f089138c901,0.02184482950966491
ck_fe3b67041dad2dd1,0.0027940842135164403
ck_8449a28f7d475d93,0.14802501636927615
ck_8642e3b6d84f49d3,0.041161547161035525
ck_e49b5e4f2f2e79db,0.7833274289856168
ck_437afe412ea4259c,0.5645865831199491
ck_569b83668d74042d,0.9773067086127301
ck_233a487d31c3e631,0.9955371661361245
ck_1fca72e03143a645,0.9611257405988313
ck_79205e31223df2ad,0.06371964796579978
ck_9625a64406ea16e3,0.003912199358528024
ck_079bd18dacb704a8,0.6117959059698171
ck_4db6d4fd2b49aa81,0.10083801418122873
ck_0dbefdac0a1868fb,0.006811954640041937
ck_24ff97ad90bdd69a,0.3489883039533508
ck_77f8c5042065d506,0.013342429683563277
ck_f11be8ce05382cec,0.008547361390812393
ck_c9d72140b0389216,0.0856607911001055
ck_69eda24e931fb36a,0.004641209015793747
ck_ed471e496916ee15,0.002531387669265325
ck_ff090498c4b17ac3,0.02023502150635931
ck_c3c19d6a0720915c,0.00179928923068791
ck_af02e1817cfa40b5,0.04115129056849724
ck_2df5a9fc87553eb1,0.007113003899640598
ck_4ac918e884cff336,0.15827914500520943
ck_ca149244b54ef3ad,0.0009110266622151578
ck_6babe5b8674ff51f,0.008204966898880178
ck_1573878386886290,0.013392915481476609
ck_3925f8565abb7fe4,0.007698010773467459
ck_c4de808ae69c771f,0.000968005813690869
ck_a777c813551281fe,0.001253974157093413
ck_df4424f6dd85080d,0.09722351121628969
ck_85e5494ec20383ae,0.08350729584013326
ck_f71a4094e889c3af,0.007354379590724337
ck_f2f3cf9cd23b2809,0.11366192846884318
ck_18e2076397bcc211,0.13267873345073078
ck_c9f9fddef39bc664,0.11076871774419302
ck_7e826e233d6ea028,0.005789197658966051
ck_62fd7eb46bee9210,0.039135324068373716
ck_206f8e3cd72768f3,0.08255744731469783
ck_aa295a11b0a6ab36,0.029244238154276354
ck_9a56739d81f84a53,0.010571805722949875
ck_aa075c418ed9fe5a,0.014800873005395631
ck_62b9fb3db284941b,0.015624986701224263
ck_f4f83b1403ebea46,0.022850824259419075
ck_16b66bd803288bc3,0.8002120465860437
ck_c4ca1434f3778f1d,0.9949073893917859
ck_1b823610371a29c0,0.01345389219748594
ck_c2bd5a722aa637d9,0.021437058845419073
ck_7890208951df34f0,0.03866007042017331
ck_020eb0e454524ecd,0.0039454280009810026
ck_3b66196ccf436c35,0.034906304705800244
ck_109fc467ec0a4af5,0.5086787545533182
ck_f3dcd818db92de7b,0.06818757682206747
ck_31e7742f160980ef,0.05525954997043296
ck_77fce5f86f00b8f4,0.6819350564018367
ck_46bc797b4d07d607,0.008087989618807842
ck_37899b1b571b1c6b,0.03847372383060867
ck_ef8a6af43fedd464,0.003826975549684302
ck_bcc8519fe8521038,0.09076456054154033
ck_90696b7182dd9129,0.01563659178889164
ck_4a24ad61d017e1ba,0.11336644952455421
ck_0acc3d8c67218b9d,0.020168533660345215
ck_05c97fc9de11aba6,0.43188233937984455
ck_f8ac3a0500c0ec62,0.027630310254328265
ck_617b65141f546a1c,0.009247220238387454
ck_9d00823bf60388d7,0.14459771341403582
ck_123c15d93f1840f2,0.7345106786297008
ck_573feefba6bf78bb,0.309000992863941
ck_b25657bd16739036,0.005277949817854224
ck_bd26d2bef14a8597,0.015698978731843644
ck_a553418f2fba1440,0.019825635826680718
ck_89f3e380b0686963,0.011059474302871146
ck_b359192aa659bdce,0.0643239948025795
ck_02241f3dc301bebf,0.041822287828546675
ck_5ccc1a1c78cb33ee,0.06695870636686727
ck_349cc5edda1b8853,0.23182191696925164
ck_e9f228845bf6e28b,0.351056208804993
ck_0a45d033d4e280ea,0.07625226265856028
ck_7e63168dda612235,0.005705934422928035
ck_676fa5f6aae5475b,0.004195056938633859
ck_74b502b20690ccfe,0.016017047180406908
ck_073509af21dd7f5f,0.8116216919068504
ck_498a0acd450944d8,0.0026678688838875377
ck_7f15b50b29dead01,0.023452801767766467
ck_8089fe7403c5f537,0.07220953329865953
ck_05b2b04e11d9ae9c,0.07258728460750558
ck_31e70f2f04b48b88,0.001981133469270841
ck_994316fa5a02b319,0.0018228925629358858
ck_b76510998b9a2260,0.07219785990167614
ck_4db95c310e105d30,0.00596418484228649
ck_6f730b77dc6cdb84,0.01703970156914544
ck_2493ee8e7b91d304,0.15034540706634344
ck_92d679d6ac7dcdcb,0.39461895126236635
ck_3a0e0200cbb185cb,0.11500033961896255
ck_0b2eeb4e00ff7955,0.09377962841245537
ck_9843d0e61c37ebe8,0.9954700792639883
ck_e61c8721e3ef1921,0.008450444261246118
ck_2e0eedaaf2980c2c,0.05001166597358182
ck_9036b2e5e9298a34,0.02083925781041543
ck_3265442528d51728,0.7911918256685039
ck_f2ddae2eb1cb29b4,0.006696830502743503
ck_6cfa71d27fc27f92,0.02548517125904868
ck_f3199fbe84a28b9a,0.2549391347934176
ck_b78d785ca3ef773a,0.012706024765923876
ck_374865697f1480eb,0.07694911288462356
ck_06d0e4a9189302a9,0.09605694489264247
ck_9c9884b9bcaa552e,0.4857108368734896
ck_fd4cf578e87703ff,0.06780710520713122
ck_1917ef3e6e345549,0.33645693779909935
ck_e70418b00cbbbac9,0.2026631845060795
ck_a60388296a47062c,0.07489495686804212
ck_d598fe8d2c779ab9,0.019960068138387462
ck_646dc03de4c31803,0.9647275765301411
ck_e4fd8cbd842b6993,0.0016014379310758816
ck_2225b555aa2a42ed,0.08493888831229535
ck_6be8ae9d78148882,0.011035525474213194
ck_4199342d3aca74e8,0.12327970832567789
ck_779581adb573261f,0.20892730763923567
ck_bb303568b6915205,0.46284983302655064
ck_17c4296276448afe,0.010271157126580941
ck_a60a61ac829252a0,0.015310270938632577
ck_6ea70950c1cae00b,0.9576411698005327
ck_1abb93f6924645e1,0.1211163067612048
ck_faab769cce19879a,0.2915944639192417
ck_d5b8e74e7ca6355a,0.08533546544048512
ck_f11f7691af16ad07,0.0034484424605343024
ck_188fdf2be7c92e9d,0.9955373832253526
ck_4a103f8254b366f7,0.012363645018230115
ck_bfa17a0b1760e616,0.0026355404796663835
ck_a4d7f6a5869d440a,0.9800936663153966
ck_58e20f5a3e7f11b8,0.9585543217866774
ck_4becdd3d2696c7ba,0.012844145356169574
ck_dad5cf32ab9f243f,0.006939778434589885
ck_7d9f73dc7c4f90c3,0.4749165686824389
ck_c19371047a2d011d,0.008496819990139105
ck_247589ff532f7aa8,0.018468352864857627
ck_7a9f241d5f082567,0.00397059773497118
ck_0a2b7078736b4dda,0.008053568153843763
ck_687b412e2aac7eb6,0.06707179181934256
ck_fce0b6855886a0b8,0.018109079045445696
ck_e291cc60920456d0,0.9560389502272583
ck_04219a7ea798db51,0.13237526321372284
ck_286bfd719836e9f3,0.6074556770215582
ck_55efc92394fee232,0.041041522952635044
ck_e36c8da1bd359960,0.144506785961743
ck_34b0988a97d96902,0.01499356187936964
ck_e0fb11fc9dcb34e6,0.015392174727444577
ck_bcc9cbc9ed8b7c31,0.04812592127687791
ck_3df8da6f60a89a5b,0.026228275372393764
ck_b1495ee5c59a6b28,0.025763305664490612
ck_58f4c3ac61fda129,0.19787274049134868
ck_735f244b99e3aa8d,0.006212782844282492
ck_6b93bd8abf87b1d6,0.9613446230914307
ck_12107dacc6d05bd1,0.003800973789834905
ck_f96db2a1f3448d1f,0.044478907309105725
ck_8fd91a3c99e19097,0.03225698455647207
ck_910205d25388a0ae,0.00203228419228007
ck_d229dfa0e4442628,0.0009504598894241683
ck_7cdec61e1c488798,0.19302609233937978
ck_f66f06e24ff32671,0.06550580942784182
ck_350bf14e90b503f5,0.020189919616484007
ck_61fff5fdaadd394b,0.012665690490324729
ck_e934f984bad2ff91,0.916806370083087
ck_ff6a6d3547dd2d37,0.15160166662441688
ck_65ad9b15979e3247,0.06885203623064441
ck_bbe1a2ea5a403ad8,0.8522297087648103
ck_6f3a28eecd2c4031,0.01515814468517469
ck_a89b66665714058f,0.011270567577262545
ck_918c92182b6817cd,0.06880617925512343
ck_64f5eb4be9e7b8fa,0.9112884440165709
ck_d021fd497ea35fb2,0.09422824213547559
ck_004de16f7d8a42ae,0.02790587951153599
ck_a33d2325f86ab12d,0.011363167511389256
ck_89790ff26c844bc6,0.007530436775761259
ck_e6e7257377c37b28,0.6791339484469838
ck_a2cc3910a641a808,0.7341700598900748
ck_646e270e0195bf05,0.010279679188816393
ck_baba5d66def0d770,0.535748678679356
ck_67cdcdda3033842d,0.02905528470952251
ck_b5c3075c811a2216,0.09882660536529023
ck_515379973a8044b8,0.020332191340505436
ck_c0ce85fb4109567d,0.034940259589154615
ck_fef850553862aaca,0.00494242001426133
ck_55d7217b0aff9fa2,0.01169586447694538
ck_8e139f8925ef7968,0.04240064733643481
ck_9e35b908fca1e4d7,0.004958730528332595
ck_59735f4ab2ad3da5,0.0867331032794244
ck_dc569c1167ccec0d,0.8997026042745295
ck_1dade5592f90a15c,0.15978642755974462
ck_793048d11fb8b328,0.6846554295084966
ck_545b71eb4fa594b5,0.009441348563277965
ck_bd30853e9a57b544,0.08097423659894111
ck_59f46321ecf6d306,0.015839897220250983
ck_260cfe9141d249f1,0.47851526216875323
ck_3365a0ad1a8aa83c,0.004089177044417731
ck_b0ef193195a2138b,0.04737232725922151
ck_0f909705e2e60f2f,0.00508634979629378
ck_5a540b75c866166a,0.050353124330967204
ck_87c26b2f41025109,0.9848747792078041
ck_27acc9f320cda104,0.5507215368063957
ck_a27bc31eecd9cb9a,0.07786517138257702
ck_115d86fabde77b65,0.004115045816321776
ck_eeca179341d56f8a,0.9246467649638419
ck_8e5999c436cf037e,0.0036864544035568655
ck_510e7c5df1f95d90,0.9844335197343156
ck_f1acf73363925958,0.044755951117659884
ck_3c177f5970b68bd3,0.050711777016467424
ck_9cdfaa1c30cc9d32,0.003583969906903686
ck_c8efa1538b37c359,0.014223939153770543
ck_a8a2e296f9804bd7,0.023608995186887534
ck_91a0ca45f429568d,0.04317693397408737
ck_5fdf8a0bdbd3ed62,0.0583561930201081
ck_0f4e2ec66d50da5f,0.008747065440763452
ck_28c53b214b2ee882,0.6530521468504445
ck_003148504557f720,0.40850744515113246
ck_01d840cffb870615,0.698437979123192
ck_555848d51f4b5f35,0.04806629529417195
ck_df20cc23b8fb8e22,0.03121750976918008
ck_f9604adde929beff,0.00931697060053116
ck_d66952b03591bdec,0.010265504847198275
ck_ddcac1ab765ff61a,0.025980162381311574
ck_347386629d96c664,0.04464958329639931
ck_ab01db9117acfe3d,0.01908114798551078
ck_58e5359efc52e0ad,0.004996584346360944
ck_1a524b5cc8da71b3,0.10659812406676604
ck_e9287b6d909d731f,0.004948866866385466
ck_bb41a66e3d90263b,0.6541670762062166
ck_e95c8cc1864bd584,0.004065875833671998
ck_7a3f2961e9a8b6dc,0.02061867239566751
ck_378a9df82b1e0bee,0.8089958788447245
ck_42633573639a3f02,0.9859167683444177
ck_2a5a4c18c2c7274b,0.03302268964538191
ck_77549c1a41f837c3,0.08425203655811365
ck_a26704b5b26258b7,0.06346151092953253
ck_9874ad160efddf50,0.005059708672748705
ck_9111e3a04b14dfba,0.11064678602092974
ck_651e076ee43aea85,0.056434350125233894
ck_391639c0f13932f3,0.0028697247245629055
ck_02dbabda93c8c13d,0.0971235183826811
ck_0adcb1fffcb0a34b,0.09105116088997847
ck_7a43ef9c7b1c67b5,0.007936594214235183
ck_4b9dd69946438d0b,0.014703813715794514
ck_90bf017cdd37b66e,0.09652681290763823
ck_61c74163eb36556e,0.04323925185322996
ck_13376c59b5bd6943,0.002243468092606061
ck_62337eccb1672737,0.018361216083791633
ck_16077934338472bf,0.002608353098303802
ck_0d4dfd93086e7330,0.07302689639760165
ck_3865b7525b910893,0.08807795735230554
ck_7e2ae8b69ebd5675,0.012763929822466862
ck_b4384b6c11766ce7,0.006967065883595478
ck_3d7fa32dfb9fc692,0.18169659662161092
ck_f4a6a7cadd6e0603,0.22415022760419667
ck_212525e2828a6c45,0.027861542805055844
ck_33ad8d53394ba77a,0.7881069087545612
ck_a5051eafe8b51224,0.004502796681720161
ck_f65e5ff7da565f91,0.00813669221847892
ck_5c37f7563fa7591d,0.025139073000995372
ck_f1e0a006068aff29,0.019437600204311387
ck_c646cdead6fb79d0,0.011278059965051683
ck_f8b3cdffef535330,0.09754592771057961
ck_e5cdbe3aa12c97f6,0.029077382361013687
ck_986e4e61440506d0,0.280511375208204
ck_6da9c5912e15d9a8,0.0018467692343548231
ck_51d842e6dae74c71,0.017491671361917725
ck_5fc65c24e0736d5d,0.9349581767697391
ck_babb95a76c69509d,0.1097654755474573
ck_86a2d852a9715432,0.02425064798871663
ck_db4083a0d043def8,0.2802249150884433
ck_96953b8945b7d403,0.01775987807112401
ck_7831ca5c31fb3859,0.22182829848301755
ck_60ac5e5f375daa38,0.07707434401227205
ck_05d44eb1f5f085ce,0.05122588229919377
ck_432cc19c7eeaa46e,0.05394951131679664
ck_7fc513033af061af,0.092208189130317
ck_ada6ede84c111719,0.01453277838634697
ck_6343e0d3b1c2962b,0.08251017081995668
ck_010264ae04f2e902,0.07557013519910012
ck_e9dcf535f8c289eb,0.23959356090718514
ck_37143d9cc296e6fa,0.03440156265320627
ck_61fa051192f3e810,0.021608781260160886
ck_f9f93d1d41be1468,0.967409452468696
ck_c4f4f28457be8a74,0.00489148629197507
ck_323a71f9452d21cb,0.8949204523766041
ck_170f4688e0acd875,0.23394349463489256
ck_869b1878d09d230d,0.5642497032446967
ck_2f6b33bf46976229,0.008916539387103933
ck_b11e22e75d9b99de,0.0021140645580459754
ck_123d75ffb75b606d,0.021038235004147934
ck_94295287a04c85d2,0.4778903688189309
ck_1b0434f096795328,0.006573194909078461
ck_0a4e191cd0a57ce1,0.006116706602876105
ck_d2fbd0df99634676,0.049463537162221835
ck_d51df5e9fbbbcc94,0.07360607367720544
ck_2d3d7d64a6f443f8,0.027205456189345917
ck_731943c682c9394e,0.1891475385601312
ck_5ccc0c94e5e1f849,0.03982712861155786
ck_c3476080516db25d,0.08117283591427124
ck_5010ffb1c94187b5,0.005613021675407745
ck_7ef666d67bc70223,0.046224367489140335
ck_c1b493527224a27a,0.005367597786185118
ck_5d1e25d7acc5af9a,0.03289625228105014
ck_ec30b61cbf517db8,0.008700492908438388
ck_79323eb5d2e5efae,0.011959094051330653
ck_4085cd3bf2661518,0.028777901571662642
ck_2ca91214c357c072,0.3951769047291873
ck_7f3132d6be389657,0.2948734220542483
ck_e7a6b925c8f39a85,0.030525636784226602
ck_c886adec7bac250a,0.025356650228144283
ck_c3f360c2d0ea0a37,0.022389762928006627
ck_a7acd5b015823793,0.0365929811450844
ck_9d64187c0800f84e,0.02516959956568993
ck_5d4ed73b9efd7d11,0.020927051926574167
ck_874eca6776b34dec,0.00761081724460329
ck_96a9221a87be93c3,0.09368582052131641
ck_68dd79a51eabf5e6,0.26138617411012355
ck_8311cb6755b2016c,0.0035715964131804263
ck_16fc77b2bcf5ec03,0.9664009991702655
ck_ad9e2088a33c8c72,0.001185338942270703
ck_7176bbc97b1e42a1,0.012426214319021
ck_80dfa54b30f65fff,0.9305592990567098
ck_31c54d540b128843,0.010092286909567927
ck_43ea894480567274,0.25679928217745374
ck_9c9e8a38bd5a6c88,0.10847863605374447
ck_1c2dcae19539e148,0.09885296706452856
ck_b0fa8b84e94d8ae0,0.031974423192293586
ck_4ceb43ccd0a81c2f,0.013434234505815656
ck_ba845332b730b596,0.004120047543101717
ck_73d3e8c6077f61e6,0.5012849080894997
ck_b5d0d223ef56473f,0.07205530913729759
ck_949f08f8e80e93ea,0.008350224471932812
ck_73de0b49709e5f8c,0.011688870012019419
ck_b5935e9722a39819,0.15213398480928875
ck_96247fee0eb44420,0.007400889531477182
ck_a6def1e4b2d57e0d,0.28418633909377955
ck_aecdc5a96321a2d8,0.05670115392736229
ck_bc61c59970f8de49,0.11936229286103647
ck_c43b4175fc9ac5bd,0.9239221061600476
ck_8ff7a9b23a55fd62,0.00634479294413952
ck_20c99b645f462449,0.011168228445362678
ck_a5ce2ae36fb410d9,0.0026151347155758974
ck_96fb9bf556842bbc,0.02482738473133954
ck_b5e4c6dbbed1b773,0.18069815758086433
ck_2085433978e72ea9,0.3876767288010004
ck_2c6b174b063ec637,0.04371356789158931
ck_b20b81b88dabe28d,0.006566890708253047
ck_243c18dbf150831c,0.0016392458126531027
ck_2bb6a17e8eee35cc,0.13474916291607048
ck_66147fb994495396,0.2746292109508611
ck_73f124f075ede0fc,0.03259659882321338
ck_2e315f1b1e533dab,0.004178561257199262
ck_16c7bf94ed3e7a6f,0.0036589939210153345
ck_4a0eae220a762ac5,0.03689514390950918
ck_dc16f939c2f44ad8,0.3027509858138614
ck_817926b449754917,0.017660681411118692
ck_0c0dde42ab64ef87,0.04076007617014734
ck_cb3a40594da6a2ee,0.20306352572249592
ck_d0dc156441fcfdcb,0.14841209153616663
ck_66f0945add423e9e,0.08102896891042191
ck_a74f6a3030f5d495,0.15636652183561572
ck_1ae460f331e49ae2,0.15570799725631002
ck_2d177b2f4f0b40c9,0.45530409685597906
ck_92e474e4368c4791,0.05170110088304039
ck_3dee83fa2d109484,0.0029636841364407067
ck_80e5ea27848069fe,0.03062841399568932
ck_ed0c4a83701ca230,0.1278700475125149
ck_0b8b7c5c581fd161,0.0012103562329464279
ck_60bf8a2870956fb1,0.013071248042529267
ck_73a54b56a2bf35fe,0.9622950558364783
ck_2296d7a563424883,0.02575943072116874
ck_bc19c383560c7477,0.18689738717109516
ck_861d8e3d88f1079e,0.07928605221075351
ck_3f090fc96c24eb28,0.019119691776898137
ck_9a6a1f8102febfca,0.10081214952604259
ck_541b6ad5d2fa5a39,0.020710781543876757
ck_a760d38d1bc4de97,0.007738907215242863
ck_7dca4d7ee10b4eeb,0.003050563189930034
ck_15220e78d1545e40,0.055062095188895856
ck_ca24bb0de508efb0,0.006698624117233738
ck_56b389627d8f02c5,0.9466112018360104
ck_48a6754977a44db0,0.011732119129869217
ck_333a43ec339a04cb,0.11981903574273278
ck_f22aacaf86a65d7e,0.1743712379206327
ck_04bd8a1ffaf3ffd8,0.004308105948306932
ck_2737a72de6b700f3,0.09917382226625132
ck_c35e03b0dd0c3454,0.047185809651864606
ck_e0571312f395cd94,0.045253982639856694
ck_09fab6b9825001b2,0.010998162764510697
ck_18c3a095606209e8,0.04585207363666222
ck_2a97db9377d01e36,0.006942512770870245
ck_f29dbbfdd2786bd1,0.053635373940812865
ck_35d6c510ad29362e,0.7457388698399384
ck_5468fa99c945d785,0.03938131359021713
ck_6f8102f62c876cc9,0.062182353792468247
ck_91955aab3424ad16,0.005162000487903946
ck_9a43c0c73a39d759,0.1412087077489517
ck_60b023af6d1e30bf,0.9325659430396726
ck_9704c5cf8659cedc,0.10270758373679498
ck_7e5f02b51b9f78bf,0.35866393968701726
ck_7d3a88d1aa649708,0.9765651579709207
ck_8250eddc1ecb07a0,0.065722786856357
ck_d979ef95ee44023d,0.04234204782250167
ck_5e5461dac83531ac,0.04624917764068896
ck_d1bb8890081e0a31,0.06411273530833478
ck_32246c62640648d9,0.0023276092842438954
ck_77a40c7d2f862a32,0.12375611787993837
ck_1c8b94efe9238f5b,0.005786249632219617
ck_eaf3b6d11bc3cb11,0.003124590320823976
ck_a4a7ef3ad799c380,0.01791511628731436
ck_d5bd8f68da073cd8,0.015485284403237539
ck_6e6258227fc8db7f,0.0010689990565619627
ck_c35d444e05799db6,0.041661189404722763
ck_74665e1209140ae8,0.057896066427176554
ck_353a272478f7e903,0.003414528700841357
ck_a2c9796ea229a4e2,0.011288713402879303
ck_e0171f91cb3411fe,0.11358964871463742
ck_703499f5410280f7,0.005258447407041265
ck_ae3a763997f8f385,0.030946259871813063
ck_f7ff94c3df5ac874,0.045993248199454814
ck_f3c16d8f747db046,0.0599693162215557
ck_7ef019ed77276496,0.0029161833387164786
ck_d6a4faadab58a3de,0.017084541321811475
ck_ba7b78d31d74c794,0.03382239526133779
ck_36287d063350ce9d,0.014513096124376377
ck_5177fc7137ff26ce,0.007060341163836417
ck_dfd4e79aaa967b63,0.010053518119178767
ck_fb44d15fb93a7157,0.10170786935586272
ck_fca478361870a4ca,0.07463985833399243
ck_e57b94fe57341058,0.10736666649639343
ck_5448c946cc4758fe,0.0233114189139047
ck_c5ece5ffb8800ad4,0.016407556439128702
ck_11cb98211b2ed134,0.9665241861970901
ck_f655399ac75c4450,0.13886253640031881
ck_c817259019588d30,0.08292803688917247
ck_8740a14d8096c6e1,0.03729067432076945
ck_0c5ba86f4e05b38d,0.020899303132068413
ck_ccc917533d4b73d4,0.013095398108948119
ck_9eb80edfa43203de,0.017422752975292218
ck_d1a1cf4cf61d6801,0.07017845305854511
ck_b17c239f160e6017,0.06322647640272543
ck_410c3e13b48e0415,0.005450182709750321
ck_ab553954435e8854,0.9659555258860895
ck_bdbb4230c91e1604,0.0684380703363928
ck_8fd4937eadd64fb6,0.014895870742080129
ck_e0e90b196bef3c11,0.0022677120826993923
ck_3dc4d464386f0eb2,0.45263380370520323
ck_51bbbf8f8e8ad005,0.99532132071861
ck_c05737ab74cf03c6,0.1914423853736849
ck_dceabbe04d99afc2,0.006958150431794111
ck_5b86fd14e85bc9c7,0.9012361382381455
ck_d4febf0083800424,0.02944194506959219
ck_77d9f86dcf251739,0.015640297537317396
ck_b4dcebc543deaafb,0.022196609767385488
ck_cb856e75c949b0cc,0.0011565504544762389
ck_61b067de8ffc1ca1,0.3409081393868461
ck_c0e8560ccfd9dd9d,0.012683470698072498
ck_173e1198c341087b,0.00933404481620047
ck_b4d55bc809000276,0.11891945997077726
ck_839bf139296b5cea,0.023392576533172744
ck_78cd402a2a4f2e35,0.003004046192163802
ck_c2925c50ebacbdba,0.003405517390715587
ck_5e3bc76eddbdb0a6,0.003340098078598974
ck_b7793edca26fc512,0.04284827910755538
ck_d79bdf04d6f31cd5,0.014589510825541894
ck_4b97d19ed946f503,0.11017848997336739
ck_37139b41c5370523,0.18534439399051494
ck_8c346eeefa9ce692,0.01411347188924048
ck_2ab7eddee2d8c49e,0.011075345631008078
ck_29da59ea3bffb9d8,0.5733464787869539
ck_c1d05ef0ec6e4be7,0.00927247137314082
ck_3882423b449f6291,0.9671908843285584
ck_5647030283171ed5,0.9514030954320704
ck_efbdcd9c181e72ca,0.026992138863031596
ck_192fdad892782daf,0.44267575852131186
ck_0bf2e13b9f2601ac,0.10993681230897293
ck_3d6046a533057795,0.008643486272108602
ck_279a1d3a3836e5cc,0.04972196855282354
ck_c375e929becde422,0.04387739908940738
ck_a59e90219939a1f0,0.006990602788757666
ck_4e9fba1ec54c3ff8,0.025516772766206595
ck_bcbd8588a13f5eef,0.0011004143828974022
ck_5f9a7ff990341bdd,0.004555743847176258
ck_e0403d507519b7d2,0.010832829487900455
ck_c9490cb61aff5112,0.11028164069268356
ck_41dd44308e6a665a,0.3750814256001309
ck_76c23726cd7ca947,0.01648787602947469
ck_9be551300209fa83,0.4581909911120401
ck_a98848eec6c9581e,0.06505891333676202
ck_61176dafb33b2d8a,0.9577997709845381
ck_92de019e05971ce3,0.0074176707402976725
ck_5d644224135d7c65,0.01636048544523055
ck_c767fc454fa215d0,0.017751955790895172
ck_5df85a8924e11f27,0.08560415300609275
ck_da2729307af06ed5,0.0725075695812115
ck_7c6b577174af7a78,0.025115883895396575
ck_893b8afbe11301e1,0.014604315214323978
ck_e06f6fed020ae014,0.045869210395887317
ck_386680372fb54857,0.014041112687823671
ck_7a7f3c4fe0c9d2ca,0.02342830310133481
ck_f908b527c4db422d,0.35889450101958453
ck_ec2eee6a133e9a6f,0.17068408420107373
ck_d98934f9fe0b02b3,0.0018576878879522146
ck_398a1ed77b0130e5,0.006968495896300322
ck_d960af7a55b892b1,0.015787838848397698
ck_4637e54a9f79e2e7,0.004222467963634711
ck_02b9f418524f6650,0.039123666794167816
ck_d4b23804cebb045d,0.03624817120103147
ck_35b1939c48182a9a,0.017437429326411475
ck_2dcbb71e39d64305,0.029392747137639334
ck_47a884dec960ff2d,0.01291319966029366
ck_71fd8c346fde5cca,0.16759973324300892
ck_98e1992ac8e7d2de,0.19203209779824032
ck_ae7780327e210522,0.07364442465933446
ck_e6c584b4b1ad6d9d,0.013791093009862565
ck_344b2e326a6c3dcc,0.010621131878955706
ck_9aa899a5230b0963,0.07020197201916652
ck_e48d14d5b70ef5aa,0.028132826750076827
ck_59d380a0973b3951,0.09141401164367496
ck_11318f7c041a5ba9,0.012014705907575127
ck_7061786fe2f22f5a,0.05363254525327518
ck_e77529651c416cf7,0.04869921307673478
ck_7f79878197340435,0.00830365505207992
ck_b0a0fb0ee9ebf106,0.005576530901676487
ck_70c7679199776a90,0.04357500527498315
ck_b9facd2210daca5c,0.09471876945159319
ck_9949f53c155b8dde,0.04118396009784213
ck_1c607e24f2c4397a,0.15835121192650567
ck_aefd1ce3ce093cbd,0.0014821504236963525
ck_5a29b7018e43280c,0.0014207654682097425
ck_69eb0b2ccfbe5f95,0.06619689795997018
ck_fe037765aa465c58,0.045662638451180126
ck_5e512ef5362a3dd6,0.010914235706174568
ck_544a9e80b7fdc279,0.004951643849981162
ck_7825494e654d5695,0.08174973253605504
ck_f1f2c3c623553f0d,0.0028790946620149862
ck_52730906e5b461eb,0.9713894922931224
ck_01e0689157fe9617,0.9574015112805269
ck_9da82e567074da9d,0.09106310670420983
ck_6a17384072f904c0,0.026465940389491738
ck_8d84d771a21942a7,0.002193566704858401
ck_39638880292782a7,0.06497492177845902
ck_7d51c86e0eec72ac,0.07839758907904847
ck_45f4c821c70d134f,0.9071630815250209
ck_0af3c13ba56ce57c,0.0059346228241109345
ck_0789a05e061b2784,0.7499446918075797
ck_6ba091eb42ffa9fb,0.6584053669904574
ck_265accb3c5c32620,0.5254632020649749
ck_179039559ff7566c,0.14181507618586703
ck_17c0a6a92b5765cf,0.02277991603718185
ck_59371c9140239fd7,0.03392867603807939
ck_f9c4f8b4ce2691f0,0.03924426395775163
ck_a2637e4872cf4811,0.3951152417494772
ck_1de43fd6c6c22a5f,0.34214163679749765
ck_6e4f31bd108571f0,0.004026941599039502
ck_da06d97db0b18851,0.0017382206681274938
ck_e0346d5081e640e8,0.2679187801638773
ck_c1c7d4e62c9fcded,0.6400578868767989
ck_2595669e421299f6,0.10615959344926944
ck_3b6057d51fd4c7d6,0.015788812111553176
ck_c5f8ab515840a0fe,0.014000734729368393
ck_435cb24538c6f77c,0.38887637137265585
ck_d84b5403da4cea7b,0.10484384194353485
ck_c2b61a98d1c8f6dd,0.9570603138602252
ck_c9dcd92b2f836b61,0.44803467108041783
ck_9eb5b3f5f672c2b1,0.006005782129227088
ck_e4cf189a8d31649a,0.0045509730124073155
ck_6b114f2a48152b96,0.005534295642722088
ck_3fb95862b70f505c,0.2629729424462198
ck_7f780f465c29398e,0.014057836038454466
ck_ee387f9da79e67ea,0.16093528968938248
ck_fa3b1e85d27af2ee,0.12936959180915236
ck_e739eaaa7a1822f2,0.10293034125276064
ck_dfa0ac11fcb1dabd,0.004473912058334115
ck_6e8751b571ea54d1,0.06513070297851373
ck_2d695f8358383092,0.0859837940829434
ck_e7dce27edb700f27,0.02149922431234333
ck_e322da8b213eab52,0.0025923128545559757
ck_d0b32e039abb8200,0.010515557984489157
ck_b354003302b272ca,0.03457006909652846
ck_f7485cba392bc294,0.4847859743871832
ck_d6a290ff8362c7b9,0.4813772939457237
ck_c56a44fe315c0389,0.012106287739861258
ck_f77dfe6512eae322,0.05373370920850243
ck_35fe969c58b9e70b,0.38095694414972914
ck_4c518637db2322d5,0.18894501007988318
ck_cb61902798ecc4fd,0.16609157182996884
ck_56e6cfa32156a916,0.006035892230367393
ck_343e6ed2b9d35c01,0.015510025590053765
ck_51440f64f7250ad7,0.09881124188332654
ck_295bca29c34cfe2e,0.1732359298322796
ck_dd30558576b45e7b,0.025543536619819424
ck_3a30132a57181fe3,0.14600784325195065
ck_4a733aeb833406f4,0.016052479370979814
ck_1b0b7c3d35ab1259,0.13351659677308628
ck_962c3bbf27cd4b80,0.17621921773268034
ck_9528e1d6b1707870,0.15543302223436944
ck_b3263e7f31aab45f,0.055011637705939954
ck_e69195a3c885053d,0.005536637664878433
ck_a907fa8795cd4baf,0.0026686447969614035
ck_205c3405045bd835,0.013669620642796785
ck_e81fc223bed3c46a,0.3487183806191869
ck_363751deae40edfb,0.3961989095097965
ck_6176baea8cbebbb6,0.025428169162490036
ck_633e6579f5c74a5c,0.8738976354649513
ck_ddc11fc481eef58d,0.033098907684128126
ck_e975002c979e12c7,0.16089306391702618
ck_8e039b23acaaac00,0.10346175887188251
ck_1d6990d94a4d2ad6,0.14351254598906282
ck_e7b583acaa3171a2,0.22425003069233573
ck_c0133f60d39b2fb5,0.053855554710482784
ck_7d6bff85e7a694bc,0.006062239763542117
ck_d305b4d82f63f647,0.010330949551025193
ck_22bd0fc71f95e048,0.10334636272564711
ck_9a65fcfc7916f93f,0.0022202450081020707
ck_d61c837b0106085a,0.11152455575484507
ck_be86a1db08dea456,0.059927574157028166
ck_90489c405e6886d8,0.009101538427159113
ck_0add2c321d579d75,0.16415959443129108
ck_482dea6eed92cbbc,0.016293357129409852
ck_c24b47184534cc2c,0.9899925804197702
ck_fa04ac31e596e7d6,0.019474714444364487
ck_084322dc5a3a86f0,0.01892568710835476
ck_ccb72a33cc1877b7,0.04037843886712242
ck_afaf374009d3b248,0.06294879952092888
ck_b53084ffede19a8e,0.0007820132385446988
ck_4760216154c8cac2,0.7907314410637332
ck_37ad3a65db673e70,0.015327165728892912
ck_0c2932cc0d553694,0.03334580389442652
ck_86b853c52f20fef5,0.014350182913634385
ck_38703b7546d35a80,0.1052764777586463
ck_218b7e6e6dbd2da0,0.018806084254801993
ck_402db4184982fdf5,0.05698980842562569
ck_f917c82af80e4a79,0.3214357426991452
ck_3c6417a233c68c73,0.18685505681843792
ck_98068c397d70dd3a,0.15466399685338356
ck_b1cbd6679c0f8d95,0.010320534780744638
ck_9e962f9bb0e7bac2,0.015930913623907514
ck_b08247c3ad567d92,0.4820443406203085
ck_3ef7a03ebb81cfe3,0.0023004352436270686
ck_5d7ae0e3562e99bf,0.29928598165356374
ck_c91a628236baf91b,0.529958137169115
ck_7f8e816ca51755e3,0.5285810484263003
ck_5aadd286d188f5c3,0.010656652273426537
ck_a037aff5f8128c73,0.004852003600037025
ck_5df6529ce8290906,0.020122126978887666
ck_5f3609511443e5a8,0.004831462678343815
ck_a6f61864fac3c8fb,0.021187859261132033
ck_2733fc6ba23ae46e,0.03846341988085891
ck_22bfb9246646eb41,0.9445921910698135
ck_bfc2a57d8fd1610c,0.8422679507061099
ck_49839e761d0e74e9,0.019593969916608247
ck_aa4ba931dd37481d,0.0217514037609858
ck_2f9fa0d61829f815,0.01632407718676774
ck_5b82c774df10d49b,0.003095151714297361
ck_411219470d0a195c,0.06264375649968541
ck_d07485ba10514a2d,0.7967217665402497
ck_219bef979ee21bdf,0.0019302887867627863
ck_eb1006e7285184a6,0.20200327640269555
ck_fd242b18575e3063,0.1202329128792296
ck_95188150ff059c70,0.2645323260799587
ck_a9ca2f447b984a6a,0.03526418779811118
ck_2dd39723c4088b64,0.07432136909709684
ck_aa2b4c662ff213b6,0.08952307250626299
ck_1867b1199c864db5,0.06849191659652358
ck_850ec97a5a0dab9a,0.04789094783749052
ck_562320295fa35875,0.00593724644493372
ck_bab5759b07fe2bea,0.005550739811569403
ck_b9f1465d803e57b2,0.33046214963495846
ck_8f21f2690c32c691,0.15819919504829277
ck_df87d6f61a63eb21,0.006909923315078172
ck_770475876d0e7e6a,0.008398133018563373
ck_b4c014d5c0cc9eb2,0.009401345813372623
ck_3add4d23124c9290,0.0029922743747818076
ck_bce5b7fecfb6264d,0.5014056436100822
ck_604c17cb97dc89be,0.22913156866174966
ck_e52cbcd9aafd26b2,0.00854339426205904
ck_0ac9114076f5bf3d,0.008855778382652916
ck_dcc125b178b79566,0.0032843367700425706
ck_4e333c09f0c37dee,0.038406281449985646
ck_ff7e31ff8ba731e5,0.012630294546077035
ck_8d0532d24f1070d1,0.0044498114009637515
ck_3689fa41748a6f6b,0.3173536197437833
ck_7509eb97c1948b16,0.01273462401167994
ck_a9161cf1ca22a6bf,0.014976338272317157
ck_bed3e3db135b782e,0.21585404254481236
ck_9040edd974ef8e3f,0.8965577328897985
ck_fac32d76ed40f683,0.061892291703482136
ck_3d7b1078e2d57c69,0.007549065473372804
ck_dae09c4e074af5dd,0.12106777029205179
ck_fd84507228467b40,0.20758492546491916
ck_e2a2ce9b8cf44c63,0.058003097801145855
ck_cbe716f351d660d4,0.02242547993057609
ck_cba4162ef29a6d27,0.025976735899140922
ck_4f1e962ff8a29732,0.006412129677486593
ck_39a81899dded61e4,0.00976258026448925
ck_25382331551d22a5,0.10434002358949732
ck_6d64e1c07b19856e,0.005346023711712524
ck_165a868bdef28ad3,0.2117313967943899
ck_88774ae52e30e877,0.040183717492339364
ck_fc7a9d0643570053,0.0024129967010101667
ck_c2017120b3b88a46,0.01347242272554524
ck_d115ac6b9fd62a7e,0.0043016477723145955
ck_439cf7d51ec7de0f,0.010219959599514428
ck_2468a7e9e68a0927,0.010152965185385828
ck_7c418947124dee8f,0.2614102653671346
ck_fb0cf32c4a56f740,0.09368419502319131
ck_694eb6c43193afd4,0.006060215027799239
ck_993beb188dd4abb6,0.017056273464344955
ck_77fa39d3b733c226,0.23618754191416957
ck_49969a9abc47cb69,0.06342719226666271
ck_d3f44bbe2f7e9b2d,0.042388401610371926
ck_fcf5b8216d0c18ef,0.00239385941900301
ck_daefe1e2d2bc362d,0.010444457125425124
ck_9c9287cb28950eb6,0.026085228270765426
ck_c1d1a625b885a975,0.07648242326440784
ck_71b37fe47490b4ba,0.005260938542848497
ck_5d16e257c0635f7e,0.8035155193396053
ck_15918075563eb074,0.004946286664297935
ck_9a15fdefc47e8d11,0.008778190539711458
ck_6f04d047d1dde75e,0.0033157502747521482
ck_1af2c0b3b8d202c1,0.008459734115996938
ck_174be2231c5fd2b6,0.0037805684917929187
ck_bb0713a2a1d65982,0.05421627761323557
ck_0daec63bd5b0729d,0.05056498252584258
ck_c0b5cc3e8ad2ff44,0.07485260707914082
ck_35bee1fc12664644,0.4275325728826551
ck_a1c7cf63467df4c2,0.008063584595356795
ck_ecb1e15f0b185ceb,0.2561237213182422
ck_f280d31f54a4710a,0.039394151149250246
ck_30f4b2ee8abe1342,0.6992167881417176
ck_66bed631354de5b7,0.014319688519067019
ck_c2d3ecd7278eba2c,0.005879815179645866
ck_e901dec0e09eccbb,0.0020620943397464037
ck_5d038ecb3c8748a3,0.010131015381084376
ck_283c5bea94b21e80,0.005910641016071669
ck_7956c251b85f009e,0.956144010027326
ck_9f5f81d771146aa1,0.0032020988066107756
ck_9323e6fc1e168eda,0.952649107933593
ck_10495d3a635b8d69,0.29187422631283766
ck_1982d571cd36eb0c,0.01386035727854707
ck_4f5d7985bcc2eda4,0.013363451742178458
ck_7df526b2b4410bb4,0.08590301221633984
ck_dbb498b1a346a402,0.0045269774814235605
ck_ef059997563e3330,0.010026016927298965
ck_02ec4e06709e6b82,0.0042967981024433655
ck_9782c86ba6485f88,0.006072312917461312
ck_d69de468b44143ca,0.01765277955691432
ck_6430a8792f400e0a,0.01733642100248333
ck_8285bd3c90af94f6,0.01674184652763297
ck_985c9ca112000e9a,0.10406952322576589
ck_e679fbf4f4f4aa07,0.0019155215162501348
ck_016e8c8eaf9d511b,0.2679319796511932
ck_bc996c523944644b,0.09813567997890515
ck_5b8315726f6204e0,0.07235318386154892
ck_78181f8e998e442f,0.004108896113768805
ck_71c68dfd011dbbbe,0.8912932027288711
ck_db32c95ce2b6f502,0.9040594600804688
ck_755010362a9b1bc4,0.001255415576775161
ck_114141d85256c9ff,0.004963240187479864
ck_9d1a5cf5a3b87e48,0.06717380986459957
ck_ab640420858ab5c4,0.49461287470517684
ck_97a8dac48dd62488,0.4173877338058333
ck_879cc3166fe1bada,0.0016661493119033877
ck_b0ed11080076e381,0.01526576443223645
ck_7334a9ec656263b2,0.011399756070193565
ck_6494f0ef13ce44d9,0.016979342584493993
ck_724e459b9ece38f4,0.08296685306191053
ck_7fd8b1470401695f,0.9177906658894914
ck_292f81186358b0fa,0.025987406533839356
ck_fa7de64d37287615,0.14601541947817948
ck_d00e09e66ed6458b,0.2674811614968949
ck_b8d210e741be186e,0.011423277083114362
ck_3db59982cbae4410,0.16019029179105077
ck_69887d0a9aaca6df,0.002435228319819555
ck_4feb21e2fb0b3977,0.019141120681668688
ck_08c6cc1e143475e3,0.0108086365172313
ck_fe6e168cdbb46b9a,0.1938866294181677
ck_07f1734be7fac56a,0.08487564638136669
ck_d66d59981307db93,0.1393555865314308
ck_f928dba0d587d7c1,0.008913624282048864
ck_786448fe3004cbd0,0.0037628682356528336
ck_29ea329fa40ace62,0.03289347128296795
ck_7ea52b6f27edcb73,0.12400290585189853
ck_18bc51bbf3ef198e,0.14183698148536672
ck_44950df09ff14ded,0.002211527064908954
ck_c1466b52c0a10b93,0.037895808832994524
ck_6cdac067cc4db5c5,0.22757914222673747
ck_53f55c6e8cf2d432,0.0062326013556818554
ck_95945f48453ca532,0.14607485568528675
ck_87cce4126e215153,0.008746274510704147
ck_1ecd5516c92caa4f,0.002179470849097661
ck_819b482bca14c068,0.5881212245693042
ck_a61a879dd46fc9f2,0.02436485768564578
ck_af70aa32c009c3c9,0.043304951587956594
ck_f4fe78e249092ab1,0.049875020281288915
ck_12c46bc52bf45b36,0.13042321715940058
ck_f05f5e4b40afa52f,0.24787732723917083
ck_0f8cb09d3f4fc980,0.25935479183747656
ck_80a64a7f0275a71d,0.00923050673755295
ck_683af7b1540a0b22,0.1503897619735136
ck_51fe0b613c076cbe,0.014867721559328678
ck_da1a2450219dcf19,0.21449176298966757
ck_2a7eba01ceba6c2c,0.4043703120794928
ck_4e329e29dfa743ea,0.7854992611470588
ck_0274d881d6db82c8,0.008080148617037462
ck_0af5b7d128035b35,0.033022192793127396
ck_ae0a7be6b0a0ea68,0.06111616453747671
ck_de5bb7a4d091386d,0.6333532938312729
ck_2bb7c17168a9d17d,0.017399069177706943
ck_0ffdff7b2f5fdfe4,0.010262282558427665
ck_718a8390b3d42d7d,0.014557222250844975
ck_7c4f12d70f184533,0.007267446069875205
ck_d3e2c26b8adff099,0.022789234929400885
ck_ac9d3d9754104cf0,0.0035553572806682025
ck_3b1766a1d51f8f0e,0.6084185048277548
ck_a9bf75bea912027b,0.11498833722982217
ck_687eab3ffe1f8cfa,0.14789231159524652
ck_25dd0b02af5b2f37,0.1989244340317628
ck_1747fcc466f0ae38,0.004097341644185355
ck_f6e9d14dfb6f3c28,0.06368512030035432
ck_c6a7bbd0adc4d5f3,0.26107281273223304
ck_46656a23f4456d22,0.8929536638350326
ck_7519260415c2998e,0.041667445312818595
ck_754f30ea19df857c,0.06253654304651843
ck_ba88a244d5f7380f,0.042132788347873484
ck_f268416945316815,0.012265510007249568
ck_21860dd2159dff28,0.005002914076113207
ck_7a86ef4e2beaec38,0.006707124627169388
ck_0414507baeea936a,0.06042196813575775
ck_60796eb60fc3043e,0.004609742055550905
ck_1e0841ed17fe0562,0.025755634973667646
ck_0d641d32658d6e0f,0.0026988799907282967
ck_b36086ae6d87eec1,0.011905131971201324
ck_962e65ab33b5c311,0.9686162331026299
ck_b046a42684468e63,0.03517370936358198
ck_ab3426435b0017d6,0.06353988154087373
ck_fcfe06e44d09a344,0.155335119222826
ck_0f6d916c92189516,0.05070785071755127
ck_d4c8f0d957c3965d,0.041645108473371543
ck_2ca83dbd728af019,0.005876932124308052
ck_2857a4ce9f72fbfa,0.00519797615739956
ck_a60e6edc48e3d0ac,0.7968930786044308
ck_0cbd3b27063d4415,0.3713798506188842
ck_612089ec90c37219,0.06589592458829577
ck_ec4e597f17f473c6,0.002896959308537563
ck_1c93cc58f314bf71,0.03942864251344942
ck_2b359a979520276e,0.040330163362416765
ck_1496568ddc3b2d56,0.09371229709694096
ck_41d91dc9f5063566,0.1065030415734731
ck_4c5ff58afe3d7a67,0.0037650621556721085
ck_81709736281fa3eb,0.00697161953338778
ck_d89abbab3d4957aa,0.02223167943180993
ck_52453401f88935da,0.04875719816404496
ck_a477654d34783e06,0.010664497749295013
ck_72dd0dbdf808cb00,0.017846452717616312
ck_c183dff3781746cb,0.44749154769363353
ck_c8b7f241810b45e5,0.003465721126871614
ck_f88028c3f306bc70,0.06342864293598086
ck_91d48d69e4f5d9c2,0.027245356492343536
ck_b74b9ba6d7c9aab7,0.4765768475127682
ck_03e904682dc73bba,0.06344168784832815
ck_fc6fed6ea96a004a,0.03372917225620363
ck_51efdd240e34c642,0.08509564274583649
ck_e78ab4ff52b5fd2d,0.042185872191970855
ck_4af7b97c24d89a45,0.06972632422871099
ck_295c0072eca7f7a2,0.008991695303083143
ck_8abd1a50a9227463,0.16644337809334156
ck_ecaa6f13304e3dc5,0.004142773817315154
ck_de436e7b319be1fa,0.9948684364896112
ck_c802cf8f61466027,0.0034193175610539098
ck_3d83e0a3c1cfbf8b,0.056056011207246195
ck_28d2003c2d16e4b6,0.0046057280581416745
ck_8ddaf745bbb9cd62,0.004382553957431874
ck_493b6256091014cd,0.09476146793950735
ck_a2245822cfea997d,0.0064526696309766315
ck_f7305b3c64cf8a03,0.33442711298398425
ck_9937dad93a0ed3c1,0.009790656182056828
ck_d654449f9231ad76,0.014508183370937237
ck_850e2b59bc535490,0.15651195466719525
ck_e55e5bdfc0242aef,0.10822405349487113
ck_d35c51e981b98c5c,0.027103457288790357
ck_27cdf9c5e6f0915b,0.03502827063007755
ck_d328db1e1052d820,0.10206106979208684
ck_0ea30eff5f361cba,0.008421858903567116
ck_9994323f97109f4b,0.9917630666624303
ck_09054e97bdf9624e,0.002571489243284193
ck_723b4afc388113c8,0.0044294423727156045
ck_588f6e6a6a6d93e8,0.02514755068348467
ck_e1d563fab4d6116a,0.011735402885575511
ck_53aca610e20598bc,0.026553759742667493
ck_c8131ddc7ed33448,0.0042887246979951025
ck_899f88464305824a,0.07953252806263972
ck_1c17c65804f8889e,0.024746005066096532
ck_45a16ce12893cf9b,0.039031759790006504
ck_f9d481aa4f9b2808,0.8881040469037604
ck_1d5d74169cf892ef,0.07905584887352149
ck_aba32acb61c1aaca,0.16211273871239892
ck_ec4dd3675a8d28cc,0.04420257548064856
ck_5dcd443fe0bbdeac,0.004460298884671723
ck_3a47e3f54475e854,0.0038141766378730945
ck_a9aa5c344c315532,0.04819701523994421
ck_9652283c9f61fcec,0.0025583534623791447
ck_752dd3d2487f78ea,0.011354702513983897
ck_a821980ac4db9943,0.790202178199999
ck_93e0d6befb67f7a1,0.10919605724158188
ck_e7a3881c3e36bd51,0.56889953984042
ck_12631b78f8a03df2,0.0023321904672902027
ck_57b8226610b48854,0.011099869826617334
ck_352657008983fd4b,0.1616979740909614
ck_0841a5c24fd3dd28,0.025489493466165653
ck_db9b9d5d30f74070,0.17066530919002115
ck_a9dded7f6294e44f,0.23045303844896303
ck_91a16336ce3217dc,0.05670801571058051
ck_371bd9388b287677,0.0033821190067796227
ck_f285e5e1912a7c62,0.004604715647195497
ck_368b65fca69fc415,0.2182503343553759
ck_d27a73596b6500c2,0.037904816974015904
ck_2d963f9b2c4d11e1,0.08035296797589922
ck_7c500e219af39486,0.011411667538068996
ck_7d025dea5951cba7,0.03962843146113756
ck_32f632706608859e,0.012630564363087907
ck_53816231f3ffb48d,0.011744447647716677
ck_9dbe184e81c1ca8d,0.236599148327063
ck_d74123617f22a21e,0.029459200577559307
ck_275386782b1606f8,0.0046520214132465595
ck_0b0e79d33e50cba5,0.008097870984798413
ck_ba93cb604f792915,0.03542692553542998
ck_a86cd653472eccbc,0.025937639031210484
ck_87771861e0447210,0.36961175642050753
ck_212380e0371d8a6d,0.040894155398744615
ck_ef0d702d7b0ed745,0.005583349597903593
ck_2b8f33e22f939372,0.9596766927560163
ck_480347ad92037105,0.03392079158764009
ck_20124c3a16c53ce4,0.019072536938462368
ck_c9e1e3229baae708,0.03192185150271027
ck_b1befe967f7a5ebf,0.19916644194729077
ck_4672167d7c989bbf,0.38467086820955526
ck_f0c44ee5e3a42e3d,0.1736107145862698
ck_c416357d20238a4e,0.012417035971038569
ck_d0f470f8078c91df,0.023036561686323336
ck_3a70b4ee59084715,0.029203899156940178
ck_179ed66cdfc1ce27,0.0009832956307760392
ck_387e5a7f163c7837,0.028106711471316593
ck_08fb463e69f647c8,0.9941381531215012
ck_732f725747393ec8,0.07502404333311277
ck_7cc5e0fa3ca5a713,0.006977591931909224
ck_ad4a4daa826ac68b,0.9097485464113295
ck_472e0be7a3b533bb,0.11580202137313796
ck_7190177963eafdd9,0.06521269800696396
ck_647ac26c5900f082,0.014767894361526182
ck_272ae2179bbd8e58,0.01109685637565411
ck_09b0d8af304646bd,0.002410811527445474
ck_ca0cc8ea9f344408,0.017793790528779312
ck_332ad134fb909869,0.0150913120123983
ck_fca2798914627dc8,0.35499187500296087
ck_4450b55f462ae134,0.00422199842016487
ck_d67d9dfb60b286b9,0.0036460867253583088
ck_a9d2bb4f2bde7052,0.007146881967206621
ck_929bcae878a3ecb3,0.8964724248495968
ck_59a9e000fa275e1f,0.027326811922529896
ck_57f17254e2688637,0.035769412201562774
ck_0508908697f60ce3,0.27702360879545085
ck_946afc2943298d26,0.0061893763824532304
ck_7176d12b18f2cc0e,0.026487739535122092
ck_5c47b49c26cce286,0.05416170189110069
ck_b6a2bdb2d335e1d0,0.9950821942669924
ck_1d58f6caaa4d012c,0.014980804057322283
ck_71c917295020ccc7,0.009825815835661389
ck_bc89644ae3688995,0.011424954274902158
ck_e7c212f16d6df272,0.04501618497494314
ck_c6d2e11a368184e6,0.005976724891612079
ck_eed7f1f7548df15b,0.03751170965599177
ck_75b69034000ca7bb,0.09333735541738346
ck_38da3bf629458682,0.011453421454252776
ck_90114c891239d821,0.005173155978685124
ck_8ee08f6777cc155b,0.018243998909578098
ck_bd86132499defcd0,0.03439710578387156
ck_b95fbf2b5640aa82,0.02272594291513683
ck_c530235393360e3b,0.05382936899425558
ck_be52a7ec43241ba4,0.17080737026925147
ck_d96eb3cc55f2772f,0.016931595487582836
ck_dd34f0a844fb115d,0.3482810194469194
ck_17cc7b411f448e66,0.09699117428979696
ck_856ea65fa27d06dd,0.07439206741404208
ck_056d5f0301c30902,0.353485835970969
ck_e662b14b2bab23a2,0.3691917495785669
ck_209f574c8d92274e,0.05851447602792302
ck_62720b81617896cc,0.017160552398825288
ck_041614694b77e599,0.006997615129028261
ck_461e3f7b97db8d16,0.10921198231680568
ck_1b74b798eebeabdc,0.03837112123109257
ck_0ed2739384f1d644,0.01037287899741664
ck_5a4d19f1b83feeb8,0.013457968993059186
ck_463937167965a1f8,0.03918470418947142
ck_9d7151dbdf100e0e,0.03454738539359072
ck_20a7d1ce6cc27312,0.009499050594719154
ck_6031211ff118cf0f,0.00099961208907004
ck_a6fc92aa91e99b77,0.9314363027094856
ck_0aaaa9d2f75a0518,0.019657154658931416
ck_ec26e327cc1848b2,0.010394476308534966
ck_0e6bebf8ae9b9b03,0.00867471696155099
ck_e107537a4cb738f4,0.008428905062825905
ck_e8ea56e122a5a487,0.10332069774104963
ck_98149ed45d38c4d3,0.1536943941641477
ck_0e719b3a6906b8f1,0.0016290478191790625
ck_0c6e7bd357e4a348,0.0029678184728081734
ck_d3b2b250da61db19,0.9658793251281053
ck_8bb6b0a292754576,0.4978927525541469
ck_87d70f5fe48a6128,0.09015966137476857
ck_ea9edf9c107d429f,0.015985684055378747
ck_059806c52cebe4f1,0.7499344676273348
ck_a72d6df666e1c21c,0.02159510272127345
ck_1d2b80ab6c4944b9,0.013558271818846604
ck_60557f077abc42ca,0.6799309898870184
ck_e5f5cb7dd6ce4a37,0.034823105142823475
ck_4c4a939154446053,0.003195492799159246
ck_50ede3eb561a202c,0.04190414245428597
ck_6d03a542922b2ae8,0.012817367191865506
ck_d6fe761ed0db3270,0.053024347664189564
ck_7f0cd6ea3096f985,0.007936117827902144
ck_23edb6d938a3b87b,0.007450757364937423
ck_799aaf9f2b9ef621,0.009780648673679867
ck_f8f6a03613b6dda8,0.008618168310944469
ck_7cffb189f4f514ec,0.9823897047491366
ck_c081e1967dcd811f,0.047860181971034504
ck_583d6ca78c97d91e,0.860074243032682
ck_9332bbc7125219a7,0.019672526930243472
ck_956b5af6d7d86c65,0.8438471378585486
ck_2d634e3f24681c0f,0.18696108789509155
ck_7b35d218ed0c5a60,0.04036759791199461
ck_ca5b1057f8248f73,0.047771287158215804
ck_ec5ea81cf813597c,0.10272274865206013
ck_eaebaf4d28400fb8,0.036994697272139346
ck_ae2ab6be219219aa,0.01352916269653276
ck_d99a8b4c820eb46b,0.008404178256420602
ck_bcfb7ffb7cd428bd,0.004122838461866732
ck_3dd542c2d31be2c0,0.022662335529623205
ck_c7dd84401e29a7fc,0.0015970288545354653
ck_c4bcc7cefd40f8e2,0.0060328225319328885
ck_c251898b5d51e3b0,0.056856555832516545
ck_36d37be780c1291c,0.0046931085279171775
ck_99b4f266b61ae7ee,0.060455723004765885
ck_c37f03995f0f0169,0.0024278945590971283
ck_65a23ac8e44eb901,0.001717515101086798
ck_644b1c1149eea9e0,0.05386131409465086
ck_9cf44eb0237c2429,0.008312760699083953
ck_20541686a94fb71c,0.17710736061206556
ck_c18245be844680f3,0.04334970218430327
ck_56de216eda6b7fa6,0.002224799235968744
ck_406c4442dee45cd1,0.0027628096273548466
ck_df1585c7d72a96e0,0.00592619236142
ck_b8e8dba20676d87b,0.039993404594866076
ck_0ee6965e68efc177,0.10335488758433198
ck_c2a5c54ad8d0d297,0.09817767727897087
ck_bf6fb7e6470e95cb,0.0010253434935638274
ck_27fa694569140345,0.0010952640417576827
ck_e04166b0ce66393a,0.025827296449089182
ck_8742114f4f0cb22c,0.5114458787438376
ck_6eceeafd56b42576,0.29673002241521906
ck_34f9951b0eca1965,0.03161071354991993
ck_384ccecd342a24ad,0.00375279976475188
ck_49c98bebd1338879,0.0025805643947858408
ck_6c26c12071c91ff6,0.009083773707383336
ck_01e5986ebb9a78f1,0.1032828073632509
ck_121db7ba3be29ee8,0.12099228837874094
ck_039e6d5a330cea1a,0.3755796103556507
ck_ae8c9163cf957d7e,0.04499840351586638
ck_3f5e8f3f1df0c8c7,0.2037570306935686
ck_b1c51fdafcd80122,0.1603646680745151
ck_12e2b5ebfe8986b2,0.015126264470043263
ck_d55eb81a4d543c59,0.02971312237162009
ck_f85155ca5c312c7b,0.035105727140809576
ck_133d8a1ac7c0e301,0.9895864926941027
ck_04212a9bb9b28696,0.9949877960411615
ck_4cc11c7d3ca61f73,0.0038160280031949304
ck_2df4854186ec515b,0.03243961418294407
ck_aa9b28e7fc43af79,0.9492313030383328
ck_47cad6c3def4c9e4,0.005468611857736104
ck_fbff7b5da8111567,0.011190906303479523
ck_bd25ea782e375b22,0.12801457241900924
ck_7989376f8cf64a9d,0.04315169282875936
ck_675c0ca1ebb1051c,0.0112420275158335
ck_1436f6e11d4008f9,0.05552784701195834
ck_812cb3a4482cc618,0.058165641046176615
ck_6e606f73a1094afd,0.010950910719367083
ck_1b708e2a4a0584dd,0.07038854882111828
ck_a60d6b324bae0330,0.08437082373375071
ck_706a4f673a9fda3b,0.8700840506955052
ck_a75ece9a9044eed0,0.00888339374893171
ck_9aa45c4e03c8c57a,0.09444520282025938
ck_9fe9bdce982b312c,0.14237671696862778
ck_c6fbdc5ba68a8466,0.04006004119055391
ck_ed0cc1b1c28f9511,0.1637659501826353
ck_a4e2607b4c8021e8,0.0019665347119313644
ck_e02f93f51cc8caf3,0.014704921256409246
ck_7084ed3cf20781b7,0.06915062426624094
ck_cd4c63155570d6ea,0.005181583262641785
ck_d1b9e5d32d2d789f,0.005463830941096459
ck_68f56f6560a7a933,0.0031619546909659986
ck_8bedacc6233c6269,0.03995147552042472
ck_ab7cb50407d6b13e,0.09854443403755889
ck_f17ed7e0fd687742,0.3640659327699334
ck_b0fe4b92fc70f72c,0.007146129603766916
ck_84d62b8196da2452,0.02257645885770874
ck_9e298cae167f4693,0.008560915885258097
ck_405b20ef9ad0ba5f,0.3403552728008933
ck_813e02e1ababd177,0.04023376499613001
ck_f234ab47061ba7c0,0.003246338546940218
ck_22b587c18363899a,0.028318010194166576
ck_4e862c2f48c38aeb,0.014587638218261369
ck_b89cb90a420c9075,0.010835438969771086
ck_be2251640f27a3c9,0.36389035807040104
ck_46bec0bff167ed3f,0.08560269614530147
ck_c0032232c2868328,0.014402630246565138
ck_030cf09525dba4ba,0.005376756449679359
ck_6ecf56236789fc09,0.9846162766171496
ck_38d4ed52cbe6d123,0.08318609023307932
ck_2d923d957ffd4d53,0.017995329288350716
ck_3af1eb88728ed8c7,0.017555354431626355
ck_2f8120ca80a1592c,0.038795383641458195
ck_6cabb1a133f0b151,0.012358490522676645
ck_bb6cf7e7b707731d,0.9433660951305469
ck_c8307fecafa90140,0.03754438174961229
ck_75f968be67f46d24,0.08596834491466718
ck_df6fe4ec5a233213,0.011836563220908718
ck_b53e88c0e927d896,0.0033595184010566255
ck_f0093064aa28f4d0,0.0296601218957557
ck_ec9976cabc63ff92,0.023674561995466234
ck_30dac0a58c5590cb,0.18376115707796795
ck_348a525791ae6475,0.19433713868594832
ck_b898d912d1181ef9,0.06697889771011566
ck_f5b1200dc6f95760,0.13440975790959062
ck_54978a073e7a0b1a,0.021045045661803447
ck_55933936536a4071,0.021395569861967535
ck_d6ba7ffd2ae08863,0.033014824918025695
ck_404e2217fd87fdd2,0.0036273867413016193
ck_dfaafdaefa5716b6,0.2996551488632183
ck_556c62e92d4e7e5b,0.2305232305049258
ck_7ce44f4e06d58111,0.6044324616075687
ck_465cb8ce232c7670,0.043483466584296006
ck_237508ca4fb37268,0.27012637118746846
ck_ba4a6b9aa63964ef,0.14752851244488419
ck_4802a0a7a1882c88,0.6044807456796523
ck_9478dfe4114c30f6,0.024370233528443513
ck_5138f6c575dec64c,0.04900678167842547
ck_aebb42afe430e2e9,0.005625673143057718
ck_004efa95555437e9,0.017981953162372166
ck_11af112667c98394,0.03769818154838345
ck_44e9a18a8645c9d3,0.0036471774412415855
ck_2605fd571219e28d,0.0012839744377515683
ck_dfc933493561d84f,0.02038320913509438
ck_67674348e68d1f25,0.0869436203072809
ck_dd97429277a2fa00,0.08149169730202913
ck_d3eab7a06eb48348,0.09151580356406852
ck_0b9fcff9667ec05a,0.01872282290142674
ck_fc4bfd6e739bddea,0.0044355614880767546
ck_43292f70a03ddf2b,0.30191782663377004
ck_5ff6108056a3fef5,0.06036878498716414
ck_767e0be086b5f601,0.07471866253483128
ck_b8465b1a5666155b,0.05871582584075796
ck_ab2e3fc56f5b3aae,0.078165822547684
ck_1833c81d693c1e07,0.9870549973857832
ck_0308e0602b856445,0.007651790581797213
ck_ccbdfe744acff8bb,0.04360487327249693
ck_b294aa27a0b586d7,0.003434527127224078
ck_a3747201f377626d,0.9809944056357295
ck_edde1d7d1db24725,0.05124047629510143
ck_ae3b47d6e1063704,0.012800096509631011
ck_3aabf5e0f4defb41,0.01899542678007932
ck_f034adb57391f3d7,0.031219986717088696
ck_533672fb40531607,0.6951403053381763
ck_2a244f1ae08ef83c,0.0555085841824961
ck_a35d81bcc54ece2f,0.006196043099353849
ck_78a61215675b38f0,0.053963098584650315
ck_e013d88ea7939616,0.027122578046513163
ck_e5018f9418e0102e,0.1565033313086061
ck_d4e024fcda401a31,0.011934516342751375
ck_f736cffbdb82db34,0.0025574011153605227
ck_1507f5aa50cdf3a0,0.03162682684033899
ck_18270fee7c8fcee8,0.006371725701000506
ck_95ffa1a805a1c9d1,0.00304465597279305
ck_11132d245b94d045,0.008556921293404353
ck_7b93a622e40d8b14,0.21473812066032125
ck_3854c08d17704347,0.45365432211410744
ck_7717fcb100dc4b5f,0.06241957361974265
ck_ba54e0a1c328119b,0.7490787771272021
ck_a7afdac4ecbf2de4,0.6528874987755964
ck_ecfb771ed2352085,0.02406657988183851
ck_68be4fefc85a6b64,0.9018725357577839
ck_dac7c50bd6d0148f,0.005892865444900312
ck_87cf36a03bd63c24,0.24531445874941293
ck_8adb40b168b59d7c,0.2673146078895929
ck_8d2f62930777416b,0.3557905673794245
ck_9958b58da9e3c21c,0.05299024940857757
ck_9440335375701f44,0.04273181678164455
ck_e2f88e202b6f700a,0.07084983279783988
ck_4c7c50684827a2cf,0.03555146964140961
ck_8a6ea4a79b1c7a8e,0.017396001669550406
ck_186dbff4b24a3bbf,0.8236564201658266
ck_220fda3c11c59b6c,0.12462259816121729
ck_3acccc69f8b1fd14,0.22057420063507022
ck_9de191bf79afd676,0.021762398567775263
ck_6de6b1663f9457f4,0.003764542711570459
ck_062754f8b79b86e5,0.00363518588148763
ck_aa153a89a52f7eb5,0.18844322591502638
ck_34a6bd3be642f15c,0.045884548103062056
ck_9371c700d9830326,0.06547635514216424
ck_a99e0c258ad7576b,0.01064780263397294
ck_0a7ba51d626e932a,0.09973025144756559
ck_852c50bbba1ead13,0.3219199963833473
ck_43dc13b6b6d31297,0.22316964744626658
ck_7d81b59d615a6649,0.281022407895258
ck_39a3f1da060e88bf,0.04050051097246277
ck_6fb2d142c09ed3ed,0.20160897974158612
ck_6e5752b87324b58c,0.1321565772929011
ck_9441d48a12e8a4bf,0.6029954471484039
ck_09e9c51eb538b255,0.010171917861659305
ck_8d0cd981ed3a183a,0.14967358383117058
ck_57c07c45269ca8c0,0.006905719900612901
ck_ccfc9ab888ba933d,0.011247642464891374
ck_9658a6ef471053f0,0.005713123908512985
ck_dac3852758f4ea89,0.0026656660081758074
ck_b1ed2278f5f14d82,0.06971182997916602
ck_333544d173524f70,0.16103202871916678
ck_fd4582e3853ef23f,0.032698592161370936
ck_614d936cef98db04,0.003449155265198092
ck_6bc351a3d57aac54,0.10607860973607387
ck_af5842fa7202ff25,0.03496012905817698
ck_81307759252571be,0.008344990984653723
ck_b4d2f02d2cd45720,0.42301126293653935
ck_1bd753a4681946c8,0.98279741006074
ck_46d8c029d46867b2,0.015926359178784138
ck_b7da6640fa2f49cf,0.4389421365774852
ck_9ea3d5a5a91fef9f,0.4717680176382165
ck_7b922518f667f76a,0.002163002374322069
ck_2a5b31594206eb30,0.8828456293963978
ck_d9506476ad3f9e08,0.034619278453584555
ck_c8791f7ebd4d93c7,0.08555609940897066
ck_b5a3e20fd210017d,0.08464837874989099
ck_8e54386f4fe22cad,0.10992383902537345
ck_75296704f5806f56,0.0448329195012168
ck_0fbbc7a6af300368,0.008714615567982538
ck_d19bf4dc0627113d,0.004696647154283576
ck_7951bd4eb99a0175,0.0010508799780393672
ck_059e4fac6b7f704e,0.01370800535746244
ck_2ce8931af02a2ce3,0.027523419485197598
ck_9e665618a4860306,0.011931577752550755
ck_6fce5a893613fd2c,0.0011633210738516346
ck_9e3fbd04e3532f32,0.5978657533232363
ck_55f2ef0de3420e3e,0.07249281012955185
ck_8d87658a6f5d204c,0.9363552152313946
ck_6d6ac1f5dd882aa5,0.003155366744684544
ck_55d0c7012d7ef236,0.15306349716059242
ck_7738eb085e5753d6,0.032584229769274296
ck_0e6e05c3cc8c8242,0.039202781745112596
ck_8d27ff8383d48132,0.013588062310353807
ck_9afc3bb849f3a64d,0.024715426175453248
ck_27eb86a9898cdfe3,0.005573699652841791
ck_1d40e4fc541abe93,0.3526120589965591
ck_4fd9dc00e1913587,0.991391072470535
ck_b26cdb2b7b165d2e,0.05792339994582647
ck_a79a27767a02e31f,0.04918086428800696
ck_f0c18cb9f951a71e,0.05915111309621546
ck_50460e0189de6274,0.9737064097658039
ck_5e5280539257c986,0.018685982545812937
ck_eeb854318b3a6f0a,0.015098384867089813
ck_943f66f28dd24750,0.005163423912819163
ck_984dd7452aee372d,0.17903818617036846
ck_ecaa6de0aca5e9a0,0.02513344057280291
ck_8f1cbc432e2774f8,0.07933231835835171
ck_d91d9f8445b9769a,0.6809522403658667
ck_73c18e03e3c7612e,0.0031751653308771015
ck_aded05ada490da20,0.01055777674981807
ck_f744e208183971f8,0.001975796498518247
ck_02d4cef6358ad3b7,0.029274837467691803
ck_08ff5bd467226a5f,0.003766874444144577
ck_f824b326d5089885,0.8137050139960093
ck_3420f2fd520890f3,0.0015078740016081591
ck_1838cf8d00f5b1e1,0.033169523414189876
ck_a85182ad90b6f1e1,0.003151951044422577
ck_fecb39c82c43e76d,0.014402199543545414
ck_162513e73782929f,0.07111167732671031
ck_2c27b77c59d8f23b,0.4888145971772867
ck_4221e07b17388fd3,0.07567294829474226
ck_adfb8472d5c3d669,0.04623825378354677
ck_0742fe64055d686f,0.001868026259250657
ck_5060aefcc8b6f958,0.05691136427108365
ck_643f549b4ac78a26,0.6372864720732934
ck_dba767885bd6ad69,0.03254353628598432
ck_0dda35c0c64c7073,0.989104072421183
ck_38ea56d43afa5660,0.06400712025392186
ck_d813e15ac91f487c,0.5366714631689682
ck_4c840e5585a7b167,0.31450601933282235
ck_cb8551453a7bb929,0.006415513013363123
ck_05a00b1dd5a03359,0.015383675163472933
ck_837cc7fd48453a01,0.00636410403185874
ck_49dd816b31fba6b6,0.8825573980308089
ck_86a61d9a39768e87,0.13694517544231724
ck_cd0e76f0e7bb38cc,0.08805194546836989
ck_dbe58392635133ca,0.08631401092068564
ck_3caec7dd6f8d02c9,0.2584524926189214
ck_bfd9bfc5b6ab4a54,0.8166023957267649
ck_2103399bdb2898a6,0.010580419545875313
ck_329f7de7279e74c5,0.011429093300037422
ck_9bf0d28119fc42c8,0.04581531057534107
ck_f781539b1042dc83,0.006154120360350547
ck_9986c7d781ac6b4e,0.007245402107401439
ck_a627734880aca848,0.0013659707706632476
ck_2106e509d77fdb4a,0.7894454291449265
ck_420d1a9c604293ce,0.034874509603650856
ck_fce0610c527e2b56,0.1266555404926119
ck_073da541ec3f9d3d,0.1369351550964756
ck_aa5f3ab48c17fed8,0.41862018265803275
ck_0fc1086e1c9e04b6,0.018682130184678805
ck_5c33bb46c1a5945b,0.08151896677877722
ck_500948a8d4bd8e13,0.06679246219902345
ck_19becd44f2c3d2b5,0.011048564018047978
ck_7d0fe77dd5ddb656,0.0927783883216298
ck_f158d9e5f101bb35,0.036512466714377176
ck_cdd7c77823c2257f,0.2564646867202557
ck_6c7b41374f9b2e55,0.02819637569762984
ck_417090dbffb1a63c,0.055034826903770234
ck_dd0e17605f970319,0.02478301123662992
ck_3646515079e6be55,0.030159037358214808
ck_89c8b06aa8c84b2d,0.4044118752280082
ck_e4d6dedd97233c07,0.13940392586170688
ck_bc82fb1895fddde5,0.0032570165064538734
ck_88a8b1d442ca3686,0.14717204141060877
ck_5791f8f76a629a4f,0.3232716136714433
ck_9cf5e88e97c8c7ea,0.020851447026684372
ck_58fd684aa5a6f289,0.0009147030378137088
ck_9800c21dfbd8e811,0.02362845397976216
ck_8ae64df60ab6ccda,0.04651165782292064
ck_e535fb0f0c00418d,0.18147792011325475
ck_48011996d54855ac,0.8155142835137723
ck_ac79c72a8fe3fdef,0.190277490825634
ck_b8cc2df5192bc49b,0.10796132460987576
ck_e96a5e1f08f8a867,0.011455649404781314
ck_84df6770549e43fa,0.0036622154038584093
ck_e5f7b99ba6ec5767,0.11761182584894703
ck_8347455ab53ff620,0.009622042347221292
ck_a84f2cdf695a71d6,0.007313460796083525
ck_90456160115f9ef4,0.016317682888336515
ck_ebd178b3f3a9c50c,0.02414943999870323
ck_e1140be6157bacbe,0.0026690927688614967
ck_744ffc11d32b96bc,0.008254038684279458
ck_e12a9f7d027e3387,0.009338792847651694
ck_cbe525da0b69f18a,0.07847940265285924
ck_aa59702537557ff1,0.07280411955226075
ck_0348cc6908f7f3af,0.0025261948063318137
ck_120e995d50956bee,0.18532542219838993
ck_9fcde1ff46cbbea5,0.0029116163673274724
ck_54b0b070689c50d6,0.004065107125900173
ck_966a167758fddfd4,0.08541370854779708
ck_d5194f2e92fd6427,0.029948309952436303
ck_2ee84f3fa27f2cb8,0.009600150564979575
ck_57d0a7eb7eae2eaf,0.2244546585073887
ck_6a2c4edd82e10969,0.0065674279359351755
ck_96e4d38ef670eaff,0.03139237010575694
ck_52cc2fd5095b169d,0.024236073070347593
ck_4b088920f3a844c1,0.18838710140020493
ck_8f3ccbd20d59f1f4,0.010390011956448652
ck_e5e5dc431bed6f9d,0.020185577902707433
ck_e8b5bfa6838e28d1,0.029166371808871487
ck_4bfeb78b47b7c6a1,0.15495496414617832
ck_a705c61bd679496f,0.016540517408445636
ck_731869a0c39cb2fe,0.09587829867046138
ck_259eb102342057ea,0.023001388965077276
ck_47a6005fabc33551,0.005177849296372065
ck_682262b455a9edd4,0.0034682500712425145
ck_e839d104854945f0,0.006626397150146793
ck_761989aa4c47d746,0.021870597451144363
ck_44211dc210139ed3,0.01605979072449716
ck_9915ceedf63a5289,0.23459610938913736
ck_da59ab47cb6284ad,0.0030532527893035845
ck_e5cdbfcca2456652,0.01259869817484533
ck_13f2560c6a1ec62f,0.02250791817278533
ck_a0543e9b3abe1001,0.22002563810941073
ck_11c7a58e09e6547b,0.15708920120038605
ck_69587a134d43a4ad,0.39789470380093717
ck_28dc0de0ae291f37,0.15685074535284318
ck_298922703c5bbe05,0.08487291532759525
ck_fa5ba9ed9ed6a343,0.23249842798857143
ck_c08e64d424e56c05,0.15132022722626015
ck_598e036a28262aeb,0.15125475311842684
ck_3f7c870510083a51,0.03160616055091521
ck_364f8203a3e98d36,0.9612255929234671
ck_7333cedb61506ead,0.02294163296926579
ck_1d96d7fd65f208b2,0.060275838338395824
ck_63133a79f23e2627,0.40652322034956667
ck_901d820e0b72abae,0.006904913664681982
ck_5dd80b3c01457bd8,0.04537797748731813
ck_c0b8067c144ed6c1,0.016047664402741503
ck_cebb8aa8c8f62c60,0.005599306577003166
ck_79749eca42ff1f5f,0.07861400544064999
ck_2cc1d9b587f6da31,0.5438239133028838
ck_ccc7916b56d42195,0.003002929785014888
ck_e43e53cc7b8b8e41,0.11498542807247125
ck_4ab74a6e7450416c,0.005616422116675553
ck_6e44024e9de301c6,0.0026519322808027206
ck_dd78cb6ae2866cc6,0.07270971504321537
ck_c363d3b050baf3b8,0.43841689591196126
ck_2d46291975f0dd08,0.004508848298248029
ck_76ebeb5aee42f041,0.1863992248407714
ck_8395f004cf4d4c08,0.004660760510188142
ck_de7259c3741db179,0.12299155319501043
ck_3938e92585df2b34,0.05738158325565671
ck_af69bfcf4f07d932,0.017901007474214095
ck_1723900ab9afe374,0.35634213574961215
ck_3d58628d1c853c8a,0.008864993058111833
ck_12a074db100481cf,0.23554639073708245
ck_8716cbf892c50e29,0.013152814371245544
ck_fbf7351958ad9615,0.01924492587873333
ck_a50370907e6b397c,0.26628773185214977
ck_937402a60df0821c,0.0020910395208943483
ck_8ce9c5807acbef48,0.006527315135799411
ck_acf7d65eaaa4c31c,0.006411876927861111
ck_ec3eb6dd0967cac5,0.12762080957585656
ck_fc832b0c90c9bdb9,0.9572055539904455
ck_8129e81cde280131,0.005617107564431975
ck_52c0ef68aa2fb8cf,0.021732218095027598
ck_06f042e9b1b662fd,0.18114261231421547
ck_0bf35dcf7b38f650,0.0028255960692509415
ck_615763afc2e17a7f,0.004870750354812966
ck_e72db9d4b2fc9997,0.9860567563879581
ck_13757bf0eeb353e2,0.01886407181648335
ck_abaf371ec8249c4a,0.2838276719837622
ck_9b7167da0920c37b,0.09498823492594617
ck_2e824b0b27494a17,0.05940234490684021
ck_9a0b605e9c3220c4,0.11134168124032849
ck_a5276af466b681de,0.003996502237746703
ck_9e0383e1fb6e214d,0.09237589727924295
ck_6a27c44b691dbfac,0.0067545452889393705
ck_af39767cf583905b,0.027701749860864305
ck_243b1b9fdd3f9a74,0.0010131284523283495
ck_c0422e638a9c6046,0.06986058136061533
ck_e0f3ea3373dfc4aa,0.0700169601796243
ck_d56ee1654378ffc7,0.05069323670007457
ck_20cd2f5666719baa,0.0030847224752168713
ck_4dfa1c1e9b69fcc8,0.017065451113636262
ck_5d22e9ca1d15180b,0.7542320741631121
ck_f4a7ac178fd55f0e,0.004079448154535195
ck_fd5609bd23a1eaf8,0.006988917915317964
ck_49c3bf13dc9471ce,0.052159028038355516
ck_724085c3452d4693,0.6982165407263281
ck_e5d1462846154a75,0.10435029787649472
ck_c69ef0f3e7d6acf9,0.4359628209331364
ck_a2d0417791d4132d,0.01530409882832557
ck_00a07fc2a9183c3a,0.007208271012916965
ck_781b8288e54ba8f8,0.2316483273007685
ck_d74a62ab3804a81b,0.012043997664480196
ck_abcbde211b6267f8,0.17415690636850423
ck_16dbafc035574654,0.0057064194931966804
ck_018f780215ecaf38,0.03135562528709601
ck_0b259620eac51618,0.007077004493799435
ck_4f875342394c110f,0.2708754056683471
ck_399e45e5fe9beaee,0.00792422907529993
ck_36224a2d394ebfe4,0.4243348927741889
ck_c189b551bd111332,0.002498189025136343
ck_125c5a720ecb177a,0.2398678955699454
ck_76d010aa02eb477a,0.0012260832631966942
ck_1071d14c46c92379,0.8446744870021361
ck_61d244b2cde483af,0.054833841974820774
ck_2ff1860da2004c84,0.00135058757205094
ck_c5b583490198672d,0.02912854794337886
ck_1294f7af22fade11,0.28552346495659575
ck_e3a22799716df39d,0.00469785642327818
ck_c77e22834ef97005,0.8457506641276128
ck_73d3689728270a2b,0.0021097716675775743
ck_295565fbf77ef885,0.005271942921247771
ck_80c0a7f54ff4895d,0.010593427391702678
ck_f1ef5cf7f10b16c8,0.19604250337444246
ck_a958b2461ffc21a2,0.44805302924133866
ck_0e7899a57cd617d6,0.0038780475053523805
ck_9d4fed252718f58a,0.031867037645338964
ck_83c2c34add971d76,0.005838767693763595
ck_9ccc030ba2de9fb2,0.06051747108469306
ck_cd691e3466fb3742,0.0041896886186632495
ck_49df70f908dfd069,0.3122311956852104
ck_362ce13eec1e33a0,0.011069360047247578
ck_2452a30397dfc54c,0.017115180161953097
ck_a443d49c2b4863b0,0.009825538684932127
ck_c8b2e2cb349dd0ff,0.0068372454513432376
ck_354909fecf5da8cf,0.07982443936849787
ck_841f598bbd54c83f,0.10240080336685752
ck_cd6fbd4e8724f994,0.055442863195851504
ck_e0b3158111370118,0.04590739890856617
ck_4c2f2eb657c2c60e,0.007250034100640627
ck_ef346071f0b7654b,0.0107741883130207
ck_f3bc10e3decefce4,0.016419581571451732
ck_189b6fbe9b9192e7,0.017235930961000193
ck_5245cbc5ff4d4fa6,0.04143154077739246
ck_cb42e3be6fe87f60,0.031577790135052505
ck_966d4d713cbc7792,0.008581936835446825
ck_1c8c969667cbaab2,0.9266967345085138
ck_d35e3aa9ef5d405e,0.6975072767891459
ck_a1c39df50a5873b3,0.040497317704798294
ck_a152165caf295b51,0.038503248343953564
ck_891eaedae139828e,0.007612471347775058
ck_1a46b56f4734d52e,0.012643996884386029
ck_5e36042cfad96c99,0.6853331658387858
ck_02a8582c2603e675,0.016695906657763646
ck_6def9d0429e4ed4b,0.09283105644094214
ck_e137400825a1e3e6,0.0239409517743595
ck_d91ab840848a54fc,0.004827681634944269
ck_becb6e1c608e0078,0.010316972337020702
ck_6fd8c86ac719d7eb,0.5678255713434448
ck_3ed4d13f12fd9d0e,0.36199023439647826
ck_007337aa99a4891e,0.0028948376024625264
ck_60c3d8306527a08d,0.0043645803667739765
ck_95458880a54df0b1,0.5877525644573471
ck_b48cd8593533fc1d,0.892179756978976
ck_021c6a4a7e3f1f0e,0.0018272505076860693
ck_764d40f865e710af,0.04268901381235998
ck_4b84357ae8ec7777,0.023259942475367685
ck_3397c7856b4669a5,0.0026003433910023197
ck_920bb003b42e6310,0.0036113527108311942
ck_8f59f11b512d5b7c,0.12548059133706072
ck_a3acf4b986afa98b,0.5606876339186272
ck_e89d25ed7bdeeaea,0.012183055100990197
ck_70e6bca473bf6902,0.004239271516813849
ck_186161ce152836f5,0.013129106274998425
ck_9191579254663f5d,0.005866073366537026
ck_1e6628879e9d653c,0.020427511397671523
ck_b498fa91a0776ff6,0.028489216370720168
ck_cfc2384f22954830,0.24248327590189075
ck_17673a1c2867888a,0.002463884431784347
ck_523dce06515b072d,0.016246667631197316
ck_c20638a325ead2e4,0.00691193118229071
ck_d3877e1f907cc148,0.13038470971008526
ck_e9a2495dea8675e2,0.04040401600220739
ck_7e561caa5fa1f3f1,0.06499688566841164
ck_455672e652fe1abc,0.9805023029043812
ck_7f8f864fcc90ca82,0.05245208723746144
ck_1ad36046aaeb816c,0.009211345499818247
ck_de056e37c82e8e00,0.026056953585755015
ck_7484c214c889fe7f,0.1467259511448691
ck_32430e678c4f9f53,0.011479543490812021
ck_6276ece8f80ea799,0.023199115461701923
ck_ae8e5dc4b725bc25,0.14372289104166489
ck_f01be92dc78a2dc7,0.016812326393695076
ck_233397a8bd40d38d,0.0048381180629314055
ck_f8124911450fdf31,0.9421915600460449
ck_aa0a3179f1111674,0.009655972996066232
ck_2366b29ed9887a5e,0.005877809862988264
ck_1f22f04dfc08cf27,0.01676401019439422
ck_b62276c3426d680c,0.1311624657874277
ck_d099fca88691f66f,0.30068327061326455
ck_166bd1dcbaf4d6fa,0.0004291128707663798
ck_7b1660e942436e12,0.039494488170464095
ck_4a9a791a1d409a3d,0.06800631487486582
ck_b003e5b54df65db4,0.03524615950008485
ck_64b4dcbf436f0b75,0.011268025617584132
ck_26e9a7bb2061a58e,0.22672011545384174
ck_08b77ad5f8f73007,0.01721844771853133
ck_366616a725afc6bd,0.161000701121472
ck_934fb5064b6eefe2,0.002664691301955252
ck_c6abd5d57b1009d2,0.007914509681126312
ck_edcfa9e1cf29d813,0.04601000563556269
ck_c30201ebd003fdc7,0.020809979357358833
ck_c54643d94d3ce355,0.18525831424516886
ck_02adda6e91e49650,0.08931633392248083
ck_5b73d7c5255e58a3,0.5358362449911223
ck_129ffae92dc01408,0.0019093553847346486
ck_fa321945ebedb916,0.206492278935967
ck_8da980cb2e1e2bfb,0.015259373727268566
ck_0576b00d728bdf19,0.11526225234817034
ck_c543d82e22b3c8a5,0.004949218378747372
ck_0027ba644f9ae2cd,0.7212300565065446
ck_8dbf61df902a6bbc,0.005784688988106645
ck_90eeca1cda79fd41,0.005025043528846079
ck_86d7127391d4e01f,0.0025503658290805782
ck_73762038c7ff2f6f,0.008767283292464845
ck_a1484e6215fac651,0.7274265383649909
ck_cb83b9f806e90dc6,0.6246599670512822
ck_8c6f059c95872126,0.008133995923653124
ck_3174419a81e7caf2,0.008467008072772203
ck_6a0f8f8fa4a3c2bc,0.05615383512480687
ck_b5777605668bfca1,0.0036478698001308134
ck_27e4de495abb4d15,0.006512670563316079
ck_7f6fa79c7a107161,0.05933683528340937
ck_c36ed9f8e6792ea4,0.06759642559948265
ck_67a1aa88d2ea554a,0.18956638935257875
ck_09748dfe4df3d540,0.001013111828042354
ck_27fd85b1e38b675a,0.0051200451668627425
ck_2369689bd795ee10,0.011243265101207905
ck_4eb1c12f7d092bac,0.002319425492898518
ck_01fbafc42c8e33f5,0.033160086775545036
ck_93c4e05699b3b7d0,0.016424665215435168
ck_afc484d1b6907983,0.012474155738258594
ck_1b2d9cae92a1aab1,0.23207493652244282
ck_73b729cb161487f2,0.012300105408504397
ck_fe3c1d0ac090d960,0.1719909801230015
ck_408efac1d3885ff8,0.17729251565256188
ck_ccb4dd9d0a48a76e,0.006726468217122538
ck_2987eab34ca7805d,0.026052858942577608
ck_1dbf1f15193197db,0.20605117524629296
ck_4ed711fe4053e74d,0.18987173587694578
ck_6c54adce174f45f4,0.01024139189157749
ck_a6c740041faf0bd5,0.01519089244758094
ck_b05c4d33c4f43639,0.14707715725889928
ck_032880f1114dd51c,0.08804336296207763
ck_22311b037456a76e,0.003895169524149105
ck_5866b413549765bf,0.016690572797522694
ck_0e808afe2570ecac,0.04001462150078663
ck_634276b05f4381f8,0.028869267045422434
ck_5d8773badd0d4740,0.03267504641407418
ck_82b5b79ce3517102,0.9706450382486168
ck_b378b8d8100ee4b1,0.04478881369033939
ck_54e581f71be5430d,0.003260339864742003
ck_798ba4b8aa544fea,0.0045875210866298
ck_3fe86b6331ff95e3,0.5405529400910745
ck_81275d9d4c559e6f,0.005588844934922011
ck_99a4e5ef02d89493,0.18410788868078654
ck_54e2eb018d947790,0.012002995106571476
ck_966901ea9c77cc02,0.03096095650369698
ck_27d69ff4e0cb428c,0.6405685062522921
ck_2cee2dd7bbfc09a0,0.9628360556748303
ck_4136b00924695ab4,0.0012983881913004834
ck_59a164c40c03a45f,0.031613656553656104
ck_3e24b026bc66789b,0.0052146443598734575
ck_8105bcf69a75ee47,0.01162125817176403
ck_7a1782cefe26a456,0.3807686945927813
ck_970c7dc195161272,0.0009909688404772592
ck_a48ec0c00ae20e82,0.17175664203857957
ck_54b374ade34e1dc1,0.018593341517174507
ck_74e5dec189761d14,0.004330027877724012
ck_4717f24f2c6f40e1,0.15137601381992113
ck_fc8cd8a8209e802d,0.010202321023213484
ck_71db4131d7efe218,0.012831746301720808
ck_45424ea6f0bc4650,0.5155891026932478
ck_3716c6181a5035bc,0.18212770516057342
ck_26de14b96bdad4f6,0.005746790417316934
ck_99c0a41ac9c73857,0.006738036518384373
ck_645f15bbbcff3b4f,0.9833879973393356
ck_b7e25ddd41514d4c,0.006249742024756189
ck_d5c14e877ca7b755,0.006331065825194964
ck_05ea4440dac6cfad,0.050502102572979476
ck_c58bafff7b1955cc,0.13069481936550473
ck_f0cf85b67a9b840f,0.12881388252991002
ck_ce1500a7f0d03fba,0.05672301828548272
ck_d4972a775aadbbc8,0.009362721010703998
ck_3eb6146c262e0fc3,0.007154547573313381
ck_afb23858a4ef42ed,0.9912653935642356
ck_2c1def5c91c52a5b,0.45226549859907383
ck_72e550559487b919,0.01705208984099099
ck_0284dc2b4f856b3a,0.6675069587766425
ck_03be334935e999a2,0.024957239085690256
ck_e35a4b4a3cb4cedf,0.012179709245521815
ck_5abe57dfff4b735c,0.04462654700845121
ck_f5f87f772388efa0,0.03126445248760034
ck_5a22cb36d612236e,0.0163296809341293
ck_8ff1e6028e764472,0.7549359763810514
ck_2ab28149b0986642,0.08295285211308084
ck_c88fc1bac79fa6d3,0.23522836078040396
ck_5b137d74bba6b1b4,0.0018195444621325158
ck_11f362dca2dfaf5a,0.046778368138329855
ck_7f960541e5174565,0.006650603058369514
ck_d5458ba39ae94498,0.030860046132752977
ck_0a921a73a90c2e39,0.08320016943617609
ck_6ad56ef40086dbe4,0.007453202600485069
ck_b68199ecccf2350c,0.0024533192450441185
ck_6dac66c8198c07d8,0.006914183134166042
ck_9b9ce7bebc235fe8,0.006612972285982033
ck_6b817117d87063a8,0.018189415216058786
ck_900d62b3184378c7,0.003197874546885873
ck_eafe9b89857149b5,0.020455822741013995
ck_e74716a525ee5b24,0.0035409882391526206
ck_4e9a6f06ab134102,0.0481589622031071
ck_b0d33b5a3716661d,0.006535702843230908
ck_8703543bf3134306,0.0434679576338659
ck_923d6a0f83accef1,0.037732174711377235
ck_52e37e2170532e2a,0.414242219024233
ck_c1c5ea839c58958a,0.11711295868026203
ck_660f0006780e87e7,0.06885202657988342
ck_830b2c5d1818ac07,0.015252759100516983
ck_b080ff636932d1f1,0.002330268578281765
ck_38730aace405f2ae,0.9944987576688511
ck_9790138467a06223,0.0012571507640435548
ck_10de0b0d86b17839,0.00552916028290907
ck_c3e37a4d3382c32e,0.003557962807111247
ck_dd8edfefa1eba531,0.001497481027777501
ck_8153cdadd300d234,0.002638297660858306
ck_74d0e7c2c6b63d36,0.982324650940793
ck_c478aae3031bb328,0.007897836287935417
ck_cf301f2194975866,0.02309556756449886
ck_f4de03f44e3a5bd5,0.006280633649815333
ck_b06ce826e593b210,0.08384031994739205
ck_2fc70b6baf6a0e26,0.011770190839321468
ck_d208494cf5c90047,0.2884226216601054
ck_086d29ccae565e5d,0.0034782508051835236
ck_d5ef6dc116dee408,0.024846724992379884
ck_fdf0c5b722d83464,0.006448742775930749
ck_de8494b13adeffb5,0.004034248756461424
ck_556786868599143b,0.02856430496175521
ck_4940e78cbdcfecf3,0.03507141753916075
ck_d32fbbfe32c00416,0.04934425277521867
ck_bc7710f7e9fae649,0.028227917712376552
ck_416f7ac57da081a3,0.034493445456609144
ck_6fb39b60c67d5475,0.005536798951548074
ck_e40a156511345d6a,0.0028591607721521967
ck_49ab879b5aa7fccd,0.6655486768080279
ck_bb643194d1cbc47c,0.9918611123255134
ck_b3ce8f1bcedfa043,0.0688511374501393
ck_558ebde8c29132a4,0.04038589841969832
ck_e6222925762273b8,0.2255819197025313
ck_bd80546b4807dd59,0.05062811579413559
ck_bd21164bd2bbb635,0.1256803503502299
ck_ea835557d7043667,0.009916395669729693
ck_1411a80a157ff39c,0.06620820107508932
ck_ab973888c20c9120,0.16349858596000222
ck_95b48972061abe82,0.008357416680912846
ck_fc4a43f8876bf10f,0.9397607434394385
ck_f34fb7ccf82f41e5,0.01600417238250807
ck_5af9934a56801ac0,0.009061762125515932
ck_fc7445ec76389a58,0.8207509711149927
ck_1eeacc26f02fbba4,0.057238119878673104
ck_4f325dd15c9bd45c,0.08709231887563361
ck_5009a6c8bbaf15ba,0.10469458503582219
ck_0f3de7f074bb33af,0.004842090435778118
ck_2cbc2f93a32eede8,0.14879980084155253
ck_4bb90a61c21a303b,0.010047237507052744
ck_3ade9eac7d7b0dbf,0.42547751659768934
ck_4859a58629622915,0.1281448202981762
ck_5fed957287ebca03,0.001343012237594293
ck_ec01ae5351500355,0.003980499649317677
ck_703b41624ae6a5b6,0.00602183287744071
ck_97c38e7f61c27e47,0.011910579340899303
ck_db2c0908150cb2cc,0.05259668205159146
ck_64ac5e6fed86ab60,0.974105152012409
ck_da1c853b0a061e83,0.08843022717952044
ck_9a36916b60178ded,0.9607903871541226
ck_3715bfa7fed2c675,0.004548411834504162
ck_dd3feb77d7d4f6d3,0.03384888001584768
ck_982ebb24174a4ade,0.013222315584423903
ck_f6b7a10d47dd9a1f,0.02609776466456063
ck_1f56fe99f250cdf4,0.05135634389171151
ck_deb3ac0606d6f6db,0.01578711080185517
ck_e666629e5a41b39b,0.02549299044702736
ck_756d2c13d02b3e09,0.04541141421594464
ck_7bc752ae7cf5d55f,0.0178821293435908
ck_fc0cc4b25e6a8194,0.008078402138550341
ck_9b2b0e286de78a1b,0.07623046036337669
ck_24b0803447211bf3,0.12266863577521916
ck_82eed68d05a42128,0.5226693001393894
ck_c8a03c516ed5b05c,0.5379091463243171
ck_e914974cee1bccb1,0.023913639561652086
ck_0c533ff2d0f9962a,0.15891133244217445
ck_c12805fa5d970a83,0.13228237833789092
ck_fc2cb29918631f10,0.3714548092766007
ck_c20e89afe575549b,0.004561914864420928
ck_e1ff9e31becc27ae,0.14328122216814568
ck_18116d0ac08f1996,0.9802228960392042
ck_885a83975cea5e64,0.0018660194023510563
ck_a0c3059a959ba5d1,0.06050628336314626
ck_75257ca7d7da2861,0.06769999432690721
ck_2210f7a0d13bdbef,0.21110656960366397
ck_9cbd9ecf8374f65f,0.012832078226509051
ck_18f67c00ba21fbde,0.009773479380705807
ck_2d28f14d3973d8fb,0.0012131524119425195
ck_8b3401b44aaae728,0.007537136607434027
ck_9d8e9ef37797d3af,0.9231801500410668
ck_9f50920c894f64e1,0.17445611739855602
ck_4737e0d56c6fa0a1,0.02950974077051533
ck_52c311f29ca3aca9,0.0018674478268263463
ck_6a4981bc721df37a,0.04073724769523912
ck_823539d936c55fc6,0.0061433442181548625
ck_df5aedb4118020bf,0.9715201609408586
ck_a911a066ff0f7b56,0.14014479718548287
ck_684609767df4a14b,0.2957036044777849
ck_f2350bf355dc919e,0.045393304178756554
ck_8452b6cf97c65a5e,0.027325447421741218
ck_084cd84501012218,0.9364699355050485
ck_ace6b72e5bf3e93b,0.612310305534692
ck_2afdd69094c955c5,0.322475159404869
ck_fa7d5be26bf7b31c,0.5523879323567531
ck_4b041217690fca2f,0.09428682840811693
ck_9fb8e3d38cdf276d,0.9543651815486831
ck_c1ee56d65a42f59f,0.04798569641512948
ck_fdeaa1cd085691f0,0.208381463003923
ck_5de33a7a87e9aa62,0.04705525699400862
ck_7476e7fe1ff45545,0.08081633212601083
ck_b0a947b498e47018,0.018626839563827692
ck_e3894ed88a7977e4,0.007910936535599171
ck_c7e07ebfb0bc15f6,0.14118433429441352
ck_3a3daa8b376f2a18,0.004206620320375474
ck_87809324c2675b0a,0.03634476034779356
ck_7eb4f33260f1dcd4,0.06725503406501614
ck_ab9f0e08af030060,0.0986310054513962
ck_5b8fc4a76f340797,0.09513753593879634
ck_0e7bf10ef49aa818,0.15910156132781988
ck_a44462a3853ac67e,0.9914020678559556
ck_2d14bcd2e0fc043d,0.0023685301833384193
ck_df1f2dba802296be,0.9670214334887366
ck_466a7316eaf149b1,0.03648345784285438
ck_50df50af592b0c06,0.011198903835268467
ck_5f9e34c849704b95,0.0026579802951067965
ck_7836bf6def26aa87,0.03426279744368254
ck_ba175b1bd8efaabf,0.007925485747846633
ck_1a0aac7f7b94b1be,0.5367993686987733
ck_6768c4b2aa8ce586,0.05031138559268491
ck_eefcf0ed15897898,0.027174602546855924
ck_7a6cb27e390b6ceb,0.017944880550309072
ck_5275be4e1577c1c7,0.0040978888343905905
ck_6bc0e5b8c0b7d2bd,0.02311693527979284
ck_4874bdec79f9106c,0.09282739136241025
ck_a678731156ad7bd2,0.5248413835076287
ck_db906debc36a5d1e,0.03439881016532018
ck_e87897767c612942,0.09728650490083124
ck_45ed5ee496ef8a67,0.004437982230307423
ck_ae20e28f9854f3ee,0.1079446374124074
ck_9ee044b73943a90b,0.019491438724190898
ck_dab34cf6f0626c9b,0.09923850100858204
ck_64a02b7b96149810,0.004367469627436895
ck_c417d06f3e94685d,0.010893589313191367
ck_3e0149cdee4cb294,0.07259517180587055
ck_0e6046fc30f81705,0.026849126840036736
ck_c383aeabd53e9c89,0.043309413771089246
ck_2ef76f1f36e8b869,0.3197495405846339
ck_43948784650bb9ac,0.013666688689965841
ck_bdb966f43ac350ee,0.0797372619929525
ck_5bea0e0ee0b094cd,0.005125981664382756
ck_dff090f03ca5529e,0.009789466167248764
ck_a4691b57f837d88e,0.06909571920305269
ck_99ee90946395d74d,0.811765126698589
ck_cc81dbc83a8879fd,0.020548849033596495
ck_f3dc0725621b3a35,0.0014896192436976482
ck_1bb212d1288b9689,0.25114103900304213
ck_9e7278fc7679f002,0.21337277388981085
ck_3ded7a8720d7e311,0.023603734770667732
ck_798157bcdb9453e1,0.003819126605556479
ck_9fba80f56f357fe1,0.010743490050090294
ck_f1e1c8491f16f912,0.018557180706711227
ck_7b1319a5ca2f63c6,0.9866327843060283
ck_124432fd5c92af7e,0.97123572297137
ck_148cb0c723284dc0,0.022257726119448203
ck_b56c62c950eda009,0.0029812191238171746
ck_a0498755cd8d7188,0.0009444012521057933
ck_5379452a9d74efae,0.00540189079976417
ck_6c2453229d608183,0.07260548085802604
ck_f9d8b4813a88c1e6,0.01592460729115714
ck_c2c7d1e45a521857,0.12574635903435177
ck_4364a83a11743888,0.007495790056068267
ck_2cdf5fd97ba75e06,0.24744276549447264
ck_71bc01291e0533a0,0.025114261381157552
ck_a725d7aed2a0bdc2,0.005539745832894548
ck_a9b0c4dbd7db6a91,0.1330455014772577
ck_a4258806a533efa9,0.03269563713021335
ck_905e460591d9a278,0.49843479901167914
ck_20de8abfd8960ee3,0.04410229271825458
ck_252b0a0f1119b220,0.002644665279883116
ck_95e4bef65c36af1a,0.0026348663834656018
ck_5ab68b434ad53fea,0.007627980001298603
ck_13677a1957078827,0.0021828118434946394
ck_d251e9fa09e542dd,0.9946751410264882
ck_700cb620f300dd47,0.03855811953984272
ck_39a68c55a1bd3ace,0.6868418576116566
ck_61a59a7944d6c53e,0.45419706712604535
ck_db6d1c6d31da967a,0.006536369235361857
ck_650020c500b1b50d,0.025877643682667897
ck_d812eb6930192793,0.0024778169464370944
ck_92f6ebc11ebca89b,0.22717669097743767
ck_d87e26eb5bc84b01,0.0011660823018826226
ck_66439e697695224c,0.004990047501099134
ck_f21efd504faa654c,0.013262769991928401
ck_15eed0f5652f0352,0.009257036873122428
ck_bcdbf57d98dc0d27,0.10773029180343276
ck_873ceb8004d3a9f7,0.14503091818871336
ck_70bef9ddd4bab005,0.006800944115594075
ck_7560f1891d66f294,0.0024987850416954144
ck_f439f16f8693883f,0.014102075821925202
ck_14f9535e53f9c7a6,0.03222994759823425
ck_5984be472d2bc267,0.7121870058785574
ck_ed01be7504dc4187,0.1240767513433289
ck_dc3d8b5c17b67ae9,0.005647348334209627
ck_9dc23031b6b494af,0.11801973740122268
ck_fbdac0221bc03f66,0.026442919624331117
ck_863708a99b92ef0d,0.14071769701339265
ck_22b52654776a1ea8,0.8948089393348244
ck_a0714f98001efa0c,0.0238692501194279
ck_9c56114f84e9a541,0.0205948260712771
ck_e155cf506b2fb699,0.0052972683381656465
ck_65ed7e72f24731e7,0.004775842377935952
ck_822d6e8e43befc72,0.9800954378887026
ck_b1182471d9ac6b26,0.003827503897227843
ck_821446adc95e6da5,0.015318880385676468
ck_ff182f033134dbb8,0.17980084885907727
ck_9c5feef7647b0588,0.023962279858599812
ck_df935d8bdd44883e,0.04339353335182869
ck_01eb24c18ad11fca,0.5067667204322197
ck_00d6730134a1eb51,0.03581538816694418
ck_79ba8e85678d0224,0.009751491205421155
ck_97e3b04a1350f6e4,0.09919831614667488
ck_74e9747954a46eaa,0.017969771755819895
ck_397d5fcc9972f909,0.3267605403837782
ck_9ede89e8a43c3f53,0.25979296189973045
ck_303b33910d67f306,0.005437706073538817
ck_3c17841636f6f7dc,0.02407155561441398
ck_78730527f8ba1438,0.6866126162553217
ck_5ee32bc6bb5d1d4c,0.5034232126452027
ck_a13fee8cd925d0dc,0.06415032127886927
ck_6f847263379f2e43,0.0943618049069666
ck_9b9d9e579e7b55b2,0.18493819371124098
ck_87c1d0a79e79c84b,0.055111555036304896
ck_bfc453eabb472f91,0.002704676116614239
ck_978c21bb5fe3171e,0.14289949890210613
ck_dd882323474431d4,0.2316043664727938
ck_533c4f7400d5ab22,0.6336842084334566
ck_5f217bfe28954e75,0.9923028790055008
ck_ae96d35465b3b4bd,0.007681299715330837
ck_512ebe97c0af94dd,0.1429084285746765
ck_f558fe02bb0219b8,0.04511580155980595
ck_84092e23d5ef4d51,0.14339010199883528
ck_17d3022ca12eacd7,0.014990153259321978
ck_8a8f81bf3558fd9c,0.021780802444645052
ck_0ada6fed1864e7c4,0.065175131102369
ck_21fe7bc59dcd78fb,0.006500449056400277
ck_e136e20c1c74fe38,0.01911387124674679
ck_e7a530e09d113dd7,0.7692373992295165
ck_7cb0c9ded4d63027,0.08698167430163813
ck_102db9615e722c9e,0.24445775165303688
ck_129e39ddfde92eeb,0.0017921520713580145
ck_d730ff21bfd7769d,0.04205917718316438
ck_54459b45d2be8459,0.0019378452409759244
ck_7f1c20319eb60aa6,0.9960066606375073
ck_939fede90473e412,0.006806450945986675
ck_e0f9506a6d5f4a1a,0.002642007907290542
ck_9a4967cdf49265cd,0.6022282578125238
ck_b9eaf03453ac7d5f,0.0031324762923129333
ck_522477be6376b450,0.012722910034592893
ck_9b6282e3bad50710,0.1450264940441553
ck_a0e3a2facd508e49,0.1285849831202046
ck_97ffae702f7c3d08,0.005178215021571346
ck_344a95cb7115ec67,0.00432558731402626
ck_1f2760764afa45e8,0.006327053948740685
ck_720cd658d11ea428,0.028435157941825454
ck_04e32ee9834c088d,0.9371180755622278
ck_2bb1389e5e72c8f4,0.04592003404073825
ck_961e7dbc217cfbbc,0.011371165735815505
ck_f3bce4eccfa6d6bb,0.006311050604723147
ck_e0ccfa0d689339be,0.02968240446044368
ck_98217aeafa0bfefd,0.12556394085980696
ck_a02aeec1914c158a,0.04343209041260556
ck_20a17e8f206a14c8,0.047853895808707594
ck_114c32aad4b6183f,0.11876528036716118
ck_79f5198f0decef20,0.01043532974066104
ck_2209de229b4c71c5,0.08015640843085736
ck_6ee939b7f396975f,0.012781158141411057
ck_202f0c14b07ace01,0.12888364432371902
ck_fa24db9d416ab904,0.02002089148453875
ck_cf6aa24b92c4d33c,0.8568319828810416
ck_45f57fb8194cefc8,0.04368492036524764
ck_d5eb179dc45394c6,0.06990104228947627
ck_efb24be983342f75,0.05564413697213277
ck_245f5d62ead5ef28,0.029220391980487384
ck_15fe2a47fa7e92ea,0.006082019496480585
ck_b6527a85fd682554,0.02317101094685527
ck_11f9390a11ce9ff5,0.07691483777428303
ck_ffb4d892c5158201,0.004250815476814355
ck_d4c1da5a1427fd6a,0.08628667893946775
ck_2c041b1efb1c5063,0.013592296867935297
ck_ecc18f40b33be769,0.36736411633508775
ck_0525349f3945375b,0.2212873981911206
ck_0bfe62e0c7eab9c9,0.1712217172904451
ck_b7c37d410b1646c2,0.08430537056117662
ck_4b15b0746318cf42,0.46136502231718013
ck_e5ee006ecd8ff661,0.08046170118263167
ck_ccc83cf66365357b,0.2626888587420587
ck_34a33ffe8339f66d,0.985387624750308
ck_4e39e3b165edab58,0.9450700268065108
ck_1a71f8081ae00190,0.9778170971539456
ck_ed8f1200fc049c40,0.9817286330670103
ck_8a5a57858e8c77f3,0.05375278316112995
ck_fff9fdc2adf5100b,0.884778513877646
ck_c76f1bf40f3b787b,0.0016239217426413932
ck_1a6ddfeef82b1b1a,0.006544290024739774
ck_478d2667aa9896d9,0.01146964401496014
ck_641c8e7694b21f3b,0.022239286588537056
ck_293581d879f6663b,0.9405884798608463
ck_1bfa8abdb22be8f0,0.04530636814616752
ck_05ab5b03d0bf9ce4,0.5945026133602623
ck_35694db37f0cde7a,0.002445384401611103
ck_fe33eb743d714c03,0.03922061536351299
ck_abd10fbcbaf2b038,0.026188831887118458
ck_46d51648c1bf80e5,0.47329824007235893
ck_5c8390017fabfaef,0.03846544476576738
ck_87d55ca333f22072,0.001697727061805801
ck_c39c6a1453e2b92c,0.0008987464121247079
ck_69ff1b0aa143a168,0.0047081292696598415
ck_e57c79eaab35ded7,0.009095832237844291
ck_463ae759e2b6ad1d,0.06208339659400833
ck_0dae4a7eb587f3ba,0.0788642635612082
ck_9b12fb56529ebc4e,0.008799085037613083
ck_1af547077ba2dd03,0.37032603816089077
ck_de13de941bebc7cf,0.003729642392607208
ck_83dde7da2bf647ac,0.0021608059860540067
ck_c80a94d4660041fe,0.06498126170362442
ck_f39cfeb277ef6528,0.0024053632733156637
ck_1cec1ed1512a2d3d,0.002374397471708301
ck_7955a359b6448799,0.003482388951614627
ck_8c0955dad13c3ca1,0.0029986777645963935
ck_6d4cd2de601a2308,0.04580375657422457
ck_f4536ba8dd2d551d,0.031187137182259912
ck_b379c198d6db2d62,0.062164273595660874
ck_76ea90ebc74bcdc7,0.031306325622106904
ck_734f06bd4aa92781,0.1174929688595477
ck_677e1d0c14cbf569,0.007768192836027508
ck_259271c70f3fbcbe,0.0799149282401398
ck_c0b744eb9e7d4eb7,0.035146390287791505
ck_3d41faeb96802f68,0.005244071927840068
ck_8f604fa70fc3c8e3,0.04287145330613037
ck_0b3c3bea0e0ed339,0.03771090716040361
ck_be5df076b8a86409,0.00796660099485351
ck_6a475fe324d7d790,0.026668230273685332
ck_3ba3fa5387bacee8,0.0022427441479348584
ck_324b9939d9c1c31e,0.03258017261188957
ck_a7fcf7b592f68ca1,0.13213534250674064
ck_5b2728f7cca414ae,0.0010426160847752156
ck_5f4a25ffd0b85a47,0.061315674137315715
ck_63d4f5076fe4406e,0.004640095698090311
ck_af528d66c86f0cb8,0.9048535597300085
ck_ac7cdb9b8da7b5dd,0.08766652754423919
ck_3bece63711407e25,0.06330908628859258
ck_d4e0b2a12fcfc35e,0.003723169249899406
ck_ee3e7c9d3a9c74b4,0.19658023060838875
ck_50d7c4dab837bf66,0.014430734918796628
ck_ebcb93a2990fc914,0.1355510909688908
ck_2329cc9702cdf7a0,0.1855335600680678
ck_db1fa53d588bf99e,0.015535715575085766
ck_44e57a0bad5a0745,0.020871917610684902
ck_472c81a144f4631b,0.003945807175256335
ck_1658429acd5306ba,0.01658763476050102
ck_466103ec5bd9444b,0.05114694253057078
ck_9757163e25262b74,0.148143036711807
ck_34ed59bc2c9b0186,0.015316409477586399
ck_b7bd3a7f263f4f29,0.10594014626186682
ck_149662b09d632e41,0.01638447209852676
ck_a9ffd6b3957bd41e,0.0031868023900850136
ck_ab80466ef615e85c,0.0041715901479489614
ck_f2c824d3473db24c,0.013489297198157921
ck_a4a01fd45936b078,0.08725596753266494
ck_8f6ce158c2902877,0.008727674767228893
ck_5189a302cfa7cefd,0.0012640261513708279
ck_430a3d03be588201,0.010137667330864294
ck_b5f9dd00914b4db4,0.013605787510489041
ck_52dec82e9cf6135a,0.0206007588004647
ck_95e444a01e2ab4a5,0.0431428245149866
ck_e37cee7b123692af,0.04031404803932316
ck_d68d42858a55adff,0.14471449494062108
ck_3abfc010091d679d,0.06079659544303484
ck_cee4e4e1b62bf82f,0.045402848297855965
ck_9ccb17c35e636c5e,0.0165223506817186
ck_f72a5a3b0d6c1177,0.006467610851528338
ck_7508aa554fae6afb,0.42381600711297507
ck_003aa842b7ca1d77,0.7935665119592823
ck_83b2b192f41ee2bc,0.3463031848893446
ck_64796b6b2c3c7f06,0.050673191090648335
ck_6438ae81d43cb196,0.028536421961220172
ck_2bd73d9098504760,0.3534921391721362
ck_aa8b9b36a099e4c8,0.03918435893183821
ck_e5ece47d0dd10526,0.04045352369130338
ck_16077ac345472e6a,0.002493767276443257
ck_a4d6e152b0076964,0.011560729716781504
ck_d90b1d03ae151f62,0.02773610340793637
ck_18b36d342b530af4,0.035093473993087196
ck_2a01e610348b84f8,0.10155006879394969
ck_0a93ed76bf36c8b6,0.02162672716135003
ck_3d56b477fe2370b6,0.07827553022853612
ck_17ab3068fa303682,0.0036520194003659356
ck_592a3520d841d11b,0.13445073385403736
ck_84d07028b5fca2f6,0.05031204312788304
ck_f4a2bb10afa85743,0.005779016414668276
ck_4fe4b072f03f2c1e,0.003943480203903088
ck_9ad08fcc183ea1e7,0.00474037504580424
ck_130d3848b9dcdb05,0.018066308759784582
ck_bb399ed6bf28c230,0.10521970123826446
ck_a31a64a39a2c4941,0.011593980156657356
ck_c49f25dfb39909cf,0.05485858582139906
ck_55f50a9ae2db8ff7,0.008317719427529752
ck_09faa4e771cf876b,0.014754670165019513
ck_df520a7a6e405889,0.07398009099410531
ck_8c8c98cc694ac900,0.08620875957294408
ck_7f0c4f609673ef62,0.015526355779098491
ck_f51fe59cd445d2cb,0.018357527972334184
ck_b3fb83f0d772a831,0.013002690502948997
ck_d6e7e257751c299b,0.0031287940436256164
ck_0d362ddb4a1cb6d4,0.04220792240784332
ck_a574a08edaf81781,0.005305344826034591
ck_a823f5bcb0e4b9df,0.0018206648590645444
ck_f792586ad0381eac,0.06192312589853795
ck_54bfd70022c66983,0.004924539928447771
ck_fe0a9372c9372de9,0.014688841250587337
ck_5691cd6fdb6d8147,0.015819193190239316
ck_a95f212a02433d23,0.006118384287537165
ck_f5adad75e1c06731,0.20168981867794775
ck_e09c97520eb0533c,0.01899553721612536
ck_a1e13c0d58560340,0.001116347186665214
ck_cacc2ca410cbe80b,0.018709232608541543
ck_c0dde2a6ef1e08c5,0.002513670532094733
ck_a04403073c90ce38,0.00287160126450552
ck_03d3026107175dae,0.0635296465301491
ck_50176dae5b1b716d,0.0067084319671037555
ck_6c084bfcb38e96c3,0.19394754104793793
ck_36d2be9012f7909e,0.043735636393122876
ck_958acf84c6137a22,0.04836229965082544
ck_114722e12db90a73,0.012645374843846577
ck_203c2a22c0c165ac,0.024176958919510334
ck_2c44ca550e5cfa82,0.07174893319030176
ck_df0a8f20ab8f14f4,0.07634620843566572
ck_826a27ff7555192e,0.01888950172761608
ck_09a988ebcf062297,0.17416447405712548
ck_5c82444b3b9160ae,0.06641401222967622
ck_f6a4a7ed27fe76fc,0.1978253503950498
ck_17de46314b5c6a92,0.020273640824415032
ck_335e63101b1e6c4c,0.3683360081011871
ck_c5eefc0697451de9,0.11734168194844047
ck_49a0efb5d4067b6f,0.5839684362700991
ck_c1f4509c8f5dac5c,0.016587926826651167
ck_57658eda1c59bc52,0.0022197149268937655
ck_0d5c0736ec76385a,0.0008308172799404054
ck_e0239e6ae30795a7,0.060341521481272316
ck_e4459115cd8e5e4f,0.004552825939654257
ck_bb4aec09d4968dda,0.3983994551074339
ck_a1b4c96faed3e0db,0.16608795039666843
ck_8247b79ac67aae7d,0.04558700479778379
ck_fe2fc7d6e5d83f09,0.008417615940178074
ck_f6aea576cde8d592,0.001246678790034619
ck_b7e7f7d0cd886412,0.10532942508061292
ck_ca7b993e8286af7f,0.3683964183195352
ck_47de038381a9cd65,0.06431159339647846
ck_d38f941d09eec820,0.06442656885871154
ck_d9ba2a6c0d926b4d,0.005858717506328311
ck_cda72f597330d0f3,0.005314757540762662
ck_16d2d27fadeeacf7,0.015467405616519036
ck_be05447853d423a9,0.006342680156069126
ck_cd92852d7376a4a8,0.0008424738019875708
ck_2faf7ecccc9fec58,0.0020955437205287045
ck_db8733fd92f20cd7,0.022529397511597174
ck_a9989a3a94c26634,0.035306551261922094
ck_957fb25437c75e41,0.1556284804085012
ck_e6a6caf6e7de17c2,0.035075164803986814
ck_f7bc569b37e8bdda,0.028343470181873318
ck_703b375dd86a6124,0.05062358678759663
ck_d3cfb3603f2c6ca3,0.17607608421412269
ck_07cb2b6f2a4303e1,0.07560984720571501
ck_31631e2028d4f855,0.03387081369460532
ck_1631bab0ba1256db,0.01978660395252301
ck_5fdafeaec036f016,0.01631571884951692
ck_6eda4c36aecad602,0.0196932905498192
ck_bd1bf9e3e29de281,0.4809643821062731
ck_bf378ea558a4125f,0.8356822853661836
ck_7aa2deeda0e57412,0.989009220725503
ck_d229cf7f5a3f38ca,0.04839891934320761
ck_9e109edd124492a5,0.006479835296491121
ck_779491819995625d,0.909136779573527
ck_b89c6fa2ad0a12f5,0.04880156587663925
ck_1d01b4a609918c4e,0.9719945747042115
ck_714c5d7cb17bc9f2,0.023123858985674338
ck_269f1746f2609ed4,0.0038024267492977617
ck_4be03a2aa62b93c7,0.002986402312377804
ck_cf920313f6dd28fa,0.050947055793442296
ck_fb00aae4e17740c5,0.006731954060681028
ck_085d8c42739e2b10,0.9951053023443351
ck_c72a7d0d03cf3e17,0.4804744974683015
ck_8f6ca5d3b17eac6e,0.004424664706577198
ck_d9573100bbff4014,0.7534885630781791
ck_79d6793d1d0cf43c,0.002204479288776804
ck_91fa5032f7aff0f1,0.44502329711391186
ck_87110d84872c0fed,0.07087577948932013
ck_8220da627e9992a5,0.0022233863710683114
ck_2ae44938847f3852,0.027606577022160315
ck_b0f191e44f9b6f35,0.10225161906139218
ck_3049d744b527f4d0,0.015299639255513831
ck_47d3e8d1dd3fbcef,0.03961773992989587
ck_ddf787359d2b5deb,0.001024105313649666
ck_b27a9e39726b26d9,0.020043566722019044
ck_80c4e9274cf976b6,0.9936588577789184
ck_c6afa913168ce8fa,0.00602664364137194
ck_52427b3f8478db19,0.09627559800767904
ck_3b810f15ca0eaa55,0.012820537416101674
ck_0c9e420f97baaa06,0.9619395014259808
ck_f8540cf3a8b2f8c9,0.14789231159524652
ck_1402d24dd623df72,0.008911030674520906
ck_eb4f4267e24d042c,0.01170178718728834
ck_6f661b428d6fb8e4,0.16429708007593338
ck_519a26ecf3d29c90,0.0018843458087870063
ck_e886ba71d4a6fd73,0.042341911186005624
ck_437f9ecd2016a1a8,0.007632896458342346
ck_f01af1b0c977cc06,0.01028832621404939
ck_614f777c2eb5d537,0.008796822659790203
ck_b804e784cde9af8b,0.016827550055800684
ck_c2dccbc1b24b137b,0.3108863797567067
ck_1df4a1781a0f6999,0.03772033152890859
ck_bd2cdd53fca26171,0.02311893551452676
ck_424c254249a109f0,0.07410041960439327
ck_cf2ca4f286e289ba,0.24842466071713154
ck_6c33cb15b0d8af54,0.01726012135815575
ck_311d395fa9b8550a,0.010239942005285125
ck_9f792e7e721ff7f1,0.010426321557469307
ck_4c37586080edb7fd,0.0030163210496538073
ck_7c4f42c5397113b0,0.010187128746531503
ck_fc418f53ce4aa579,0.9797429944282592
ck_1ba28fb7ef726ce2,0.0704715861701405
ck_d932f98bf6b83956,0.14869219787554255
ck_248b3659a9239240,0.048462304005336576
ck_6a92cf5f4cf5de38,0.07455883006111218
ck_65519d0fb137e0c5,0.010799014956327296
ck_ddc3fc99eaba2064,0.11066039368350143
ck_7310cda3bc65a73f,0.006673290324205626
ck_c01c85bd631d4054,0.012156699710964735
ck_b4954d16b9749829,0.05735508908463348
ck_f301f6758e170d66,0.07914296616690408
ck_9bf95f8c47e7c7b4,0.021804189656886273
ck_c91b7fccf6aeb4a5,0.08530893823800983
ck_785fa45e86bc5e95,0.022553547360492227
ck_2a65f1cc23f1180e,0.005196754126826203
ck_a49a2c1f881a3560,0.004564351698452991
ck_def344d68f06d749,0.03130609227336358
ck_abbd1465fc730d78,0.013281377107921733
ck_07a5610ed28162fb,0.07948292458420915
ck_7ecdee2d7127be8b,0.01895488946639446
ck_67858bc00e81490d,0.00208742517876762
ck_b4ad165ace910222,0.010549679250697093
ck_30753ffe481a1b8c,0.8234102127368711
ck_c401a26725b17177,0.002756405485113806
ck_819988d8a7f26415,0.009642637576100687
ck_3364a1d9261b3638,0.12645888824819285
ck_c484c5bda389bf20,0.0012798594902059756
ck_ae416325fef92c9d,0.9860656588732919
ck_5517b9a865960542,0.013701215534629626
ck_a0e96fed380440b2,0.036657131185911275
ck_e83409471d2b0b44,0.07813723595954927
ck_127273af97d7827d,0.014393863016454489
ck_aaa9861c91bd14dd,0.02200488004353463
ck_a378c58294001a36,0.9820369262402735
ck_abb9d65ff1f95b64,0.18873882316213778
ck_a5ecbefa849ae569,0.020249721212941902
ck_aa9953c0ca2bed7b,0.0027454403967450956
ck_40bc6de252865f32,0.0046498614975849445
ck_9fb11688dcfe1513,0.03446851812219663
ck_ba68841ca2ba073d,0.15143129598467375
ck_1d3e561a7d20be0a,0.9914402222065115
ck_99a92d710a29c1d0,0.013318212847389314
ck_ede2e887697ffac0,0.00226127566553722
ck_e6de67c0d82a7b83,0.06671923418802725
ck_6b38763bf5ddbcef,0.08547245832129224
ck_8dd44eead7d765a5,0.05886158957179124
ck_30bf5b0056eea9e9,0.5161603599925323
ck_2981d16f8a51a8ed,0.14664458683921774
ck_fc60f42c68c7024f,0.2349521404551227
ck_8e2b2251ee224aa4,0.027714891963956274
ck_1906f0dfaf6e9bad,0.852698989404391
ck_dcbe6814fc4ca0b4,0.14001848292962937
ck_f7e958a286ae3b57,0.015870602733460214
ck_713649668a7ca824,0.028331896990009462
ck_6f73cdbf9305e2ea,0.10994497894829393
ck_dd1c490050cd9051,0.08043736877849644
ck_e30db36e376606f7,0.39505807111906804
ck_740d8fe8028b5a2e,0.007420194651974658
ck_ebbc9418cd41f692,0.01076259860296715
ck_7b3cc6cc3f250f39,0.1339303089452114
ck_1d30eef7110809e5,0.5092132214333641
ck_77e0589ab339ca66,0.007466289771030493
ck_15ccbf8ff7d14086,0.057340142132830424
ck_246989b0c288664f,0.08618797446690993
ck_fc2a6e27b10b10e9,0.002083963417358894
ck_8afc1112c12f5402,0.07827193786449217
ck_a76e8d83b9141364,0.05198444062178562
ck_51d3e8dd7465c015,0.0033407042991306216
ck_e7b4016909405981,0.0028412355689784513
ck_e7a3cfb9bf908e80,0.07462151203845224
ck_2bb49dc2388cdc1e,0.00923469473435479
ck_94f4266ee7871345,0.021777071041784467
ck_b2c896beec146477,0.023327241338666597
ck_fcf5d4a4748cdd53,0.018584173578082012
ck_fd0483639811f62e,0.41474814034434737
ck_9a21d183524734aa,0.2587111268968517
ck_1df4b46c0a4c317d,0.1583736877474602
ck_638df9e8a22dfe0b,0.010019013412841091
ck_65acc43a6dc3e65d,0.01594025375127602
ck_7c67b73196e3d0d9,0.060050574569143075
ck_b0ee3a98175b462d,0.007446941718435766
ck_20fad010969f1abf,0.002212786123625734
ck_54b087bd873af8b8,0.034321705765015094
ck_8007824431fa803b,0.008846973704266152
ck_23aab322810b9fec,0.03319984393218697
ck_c8001bdb9aafc8a6,0.01386194517306645
ck_3a34c3ac83cf84b3,0.015379776972659312
ck_60187ac2c473a662,0.9860955194039398
ck_6a0ccd7357979f0f,0.2815850963538581
ck_27f20337bef5ffe0,0.11757483851381803
ck_f9fc468915afe49c,0.0640000364598926
ck_1eabc15a94bd9009,0.08931601068789158
ck_26896c494b2768ef,0.060552118019806894
ck_348c874eaf0354f4,0.23969703208192433
ck_be9c46acd216b45d,0.09448494161155371
ck_a3cce46d15cc20a2,0.403724368731323
ck_70804f60d9704128,0.24632786612718816
ck_a019151ca8e7527a,0.03240978190397733
ck_571133b2aa8ead51,0.07542627278014363
ck_0afa4449f20d5196,0.004587830105688926
ck_4d503c41cf4e5034,0.06989614013471282
ck_d6fb9cc5171e3e9b,0.9707031111334259
ck_05ed92a7c3e10e5d,0.03360439122353108
ck_bfb067986660afe3,0.13079460756960165
ck_c1a31690c8573226,0.00948075851839236
ck_cb88ef3dc1f42225,0.004834321437176462
ck_21e3b3bd998745e5,0.06874821854624186
ck_cf52e46fa54e4540,0.0017642359452520334
ck_b72c7ac4208052ab,0.04054790931520787
ck_e6465c56b337e6c2,0.0229957962913674
ck_5f87eb05d18186c0,0.042774142957536274
ck_263f6c5ff26b5e98,0.0055922607804075545
ck_e0b7e2c0bbe228d9,0.009789903428755822
ck_b657ae3c146cb7bd,0.011341795741745314
ck_abac514d8167ea58,0.057078508733421324
ck_024dcab126876002,0.06131695796266714
ck_5d8481e2b38bd99d,0.14673606785712998
ck_edf229c17d25dac1,0.5935917863101258
ck_6cb7c97b72d6b5d3,0.023113763535208873
ck_c96ae2c28086a059,0.09403319296475346
ck_2f241b97c0f8389e,0.020766182942591183
ck_9158bdbb63ee8987,0.03783775116980602
ck_e7b40b60786c1530,0.0043194522472630725
ck_66d38518f68e6194,0.001992152118518776
ck_8c9b57ad2a991416,0.008746897990587265
ck_cc91bd7152d3e9ba,0.02178312074062868
ck_0d846660c7957a88,0.01340834085340001
ck_60896cdac2212bea,0.23874121735223083
ck_dc4db8b932df49de,0.27458478159733
ck_2dc31db181150e20,0.003646362594370961
ck_2f138fce1171e277,0.02402724007896754
ck_68b8b859a6ef505b,0.1355846020403906
ck_c3fe0c6c5e1f40f6,0.00824345589397144
ck_15886fe84866de92,0.05661572027330585
ck_ea269b35406473e8,0.0036944903081019423
ck_3ce7cad1f69b71d6,0.04442410991302839
ck_054ed4288ee58d6e,0.21462912518190913
ck_3d4913a86f207fee,0.1530508730737532
ck_23ff85f9d2355e8d,0.04909968465849206
ck_d87ab3261322216a,0.0017901352669121855
ck_fac046ce336fe39d,0.006149005914603354
ck_beb97e498e6cf8e8,0.14843811295155124
ck_1f517e0ebf397b51,0.015224432013172903
ck_0af57ebaa45877a1,0.0015779411700272991
ck_f99bc1732ce5e999,0.07107054387210698
ck_abb056a9deab275a,0.01932682488807014
ck_0bfc394c5faa65cb,0.06251519261016478
ck_ddc865af1dd5670e,0.06008967297068043
ck_68b5542459638b56,0.08261015361597907
ck_0b1d84252c0b46c2,0.014028499782938778
ck_520ec32c4f253604,0.05220249759806803
ck_79ffcfee599d77c7,0.03182726969887721
ck_eb224c0fd146253f,0.11732249035307891
ck_0e477084434da450,0.02994882423241003
ck_07840bba5570785b,0.06867500554675797
ck_6b67fe8e310ab865,0.06432865630451676
ck_e2a1068c2fa22525,0.10483101999480804
ck_b9c6b32f6bd92a3c,0.004618768010550079
ck_c1e7d1021ae58f00,0.004453132932917744
ck_5d7801201749ffde,0.14495096331515855
ck_c8806749e263f70b,0.0015938241478475506
ck_c9eeab826781dc91,0.03874553591376046
ck_309a432c160a17b3,0.015432708013415668
ck_b22e3337b8e3dbb2,0.005571259293745685
ck_79c30169c71b8033,0.9811264709225462
ck_5a6593d954085775,0.00431238924205872
ck_70b9b79ea1aacba8,0.06249061790790517
ck_63743141ffa11f45,0.03361704819899532
ck_dfd3dbd0d97a642b,0.018876286806744972
ck_635646a661f05b4a,0.023416370259085377
ck_4b123d6931b6d0d7,0.780833074720835
ck_f2b0e7a47f442557,0.9329236947733962
ck_1b1df006b81d38ba,0.03422251123998299
ck_360237c1bd30f4bd,0.008662889589616377
ck_5e84bca0e362da20,0.04700308065037799
ck_142dba210ed2f3b5,0.2588708981671637
ck_a3564236069e3524,0.3394819226113033
ck_cf36d8b070ded782,0.02939033169934463
ck_ddd6625c5eddad70,0.0035517470141645164
ck_ad54292a0b2f44ef,0.03185005313746701
ck_45cd5ef6b359e9b4,0.02317682817330765
ck_982c2392238b7be3,0.6186814126023971
ck_083e4ac78685c3bb,0.12811570512648784
ck_729cc0b46cc2e546,0.5688728433789736
ck_f2b8995fe5402759,0.0030529690888250536
ck_73e24f5a8da289b3,0.08288027819684937
ck_bd85f30c36f5998d,0.23213498524981496
ck_ee4ff3aeadf912c1,0.0060455515337987905
ck_63d2978706e193d2,0.062032866285699005
ck_6a0684436a1e66c3,0.9381170936940655
ck_182dc4a2f5a366da,0.002832041076456941
ck_e6fecb82fc2a82de,0.011339655191520283
ck_cfb06f07394dfe64,0.0038431770883428093
ck_7bbe1dc8add17ef0,0.04014827893330344
ck_5cacad76e02c8e3d,0.9022335103348552
ck_ca68dec0c7df5a12,0.014608093113817812
ck_e4c0fc52c82065d3,0.01629813097101567
ck_f9197b070416f443,0.014433456988643394
ck_2a07c7021b71cf65,0.11825430524140833
ck_4fa85cebf707de2c,0.0022185900465867677
ck_0063d2a9507467e5,0.01933964036923573
ck_ec986285fff05b7d,0.0029843345311915104
ck_279d43303708109b,0.037699130224502504
ck_a406bf11e48cf8c5,0.22251354128668774
ck_064b2aa3f0bfdb6e,0.016094476033719916
ck_95790440bc4bd2d0,0.04718448714103792
ck_70066eea13b4c34f,0.009734298120493257
ck_19468fe07e26f992,0.984670016880646
ck_86bfe328e0a533b9,0.9412478304986854
ck_ace3b96c977a7560,0.5019578896528336
ck_642344e5c652d8df,0.07795843457418583
ck_074be35c951ae10a,0.04353487735619674
ck_f14dce41036486a3,0.9937890642906657
ck_5cf67a3a747e684d,0.4813435998438376
ck_f7285b92648c1c81,0.0047775896860949
ck_bef3193f124fca5c,0.501051274823842
ck_05c4dcbb45de1f8d,0.004120601852654412
ck_d7c28eaa05bb7144,0.025361073327026695
ck_320df984791a1b99,0.00713081224955975
ck_f45bad1606fa00a7,0.030796133512053472
ck_6f81c199e986d9fc,0.010161976692188348
ck_d0c9633fed57c344,0.07042290256143516
ck_a3c25d6cc7478068,0.08302491137718225
ck_4185506d12cf9fa0,0.0015331477005244296
ck_7a02ee1bfba7353b,0.021422492093576113
ck_1b52590757c0fbeb,0.015981836198533633
ck_a0e5656e1cf9cbf5,0.00714782776856054
ck_ace21f6daef94f6e,0.007063744398049817
ck_646d8d0834782d6a,0.6659438164314528
ck_1f136a4476b5e775,0.03917878232753618
ck_325c7643cce02da3,0.1151986781636612
ck_9b5e7fe28208f5d1,0.004902234055818569
ck_05d81b1a150f31c5,0.005067419831087628
ck_0e9ec486bff403c5,0.03915383780320117
ck_ee13c091bc379188,0.030463949262982768
ck_f7a7f8f5903617c5,0.049056572477769775
ck_96c3a3517153390e,0.039139533274221955
ck_538dad7f096458ad,0.01784093526455526
ck_8758fc6622bbb7df,0.061902126684303345
ck_f7e53af3c91fec64,0.08493190394848696
ck_80b50fad7f255e1d,0.005348570127370491
ck_9645e7adc08631b5,0.13724413845832117
ck_e007aedbf37d6ec7,0.03901506650536083
ck_2951d76c41de2569,0.3225743563282343
ck_9439bff87e616d4a,0.028697056918576706
ck_a73045e96af0e4fe,0.033867593092437816
ck_7b382e533e2e925a,0.180757730067923
ck_730226c2d216cacc,0.022188231001836044
ck_bdf837d761a7cec2,0.43763263651243567
ck_0b34197335ba3341,0.04256605212163777
ck_49170c4b31a20f5c,0.0031416607694994656
ck_cd553ba6589d8bfd,0.02229008016660816
ck_56b992c6f136fa5e,0.04925078038348563
ck_8beae3d7328fa41a,0.1445530231981278
ck_1a065ea906ae3d6a,0.0069619790548004
ck_e9e3381d5e0e5051,0.005886097288714731
ck_a6d4f998dadc90c2,0.959298913960492
ck_d36733da917115a6,0.08316374847529506
ck_e738e920bbd74a7d,0.03919513947246576
ck_af65eb885a51048d,0.0015971161637312156
ck_73f4eb09af29b1c0,0.09720496516339608
ck_8fc641b1750a2542,0.16169301757053806
ck_41b954c7a948c060,0.007803558857759415
ck_25fc3010e8a0f6d7,0.01818441166087852
ck_a2624e0387974e0e,0.4219743983983463
ck_5cb9d7b2329d5ab6,0.18569258944227454
ck_6c83aa1d100a7cd8,0.29291899935754756
ck_67025c64588abd1e,0.005258816505535006
ck_f5dde68f6f0468e1,0.001193744064788763
ck_46bfb2cfc29a6d2e,0.01633312169777644
ck_49dddb894d33f6db,0.06429979039193426
ck_f738b633b8862d18,0.003272372081184486
ck_3d6c3c00d854f5a4,0.48828797559779924
ck_cdb8061d8d1a6c5f,0.00456183380672166
ck_5e1b81848718bdc3,0.06290970664821964
ck_8def763034187436,0.08931465769073205
ck_8f8e4fb9c6190272,0.009076218667845536
ck_368b968b5f33431e,0.0019293368860754101
ck_ba7e347251ea399b,0.08674291030852291
ck_9075432001a64e75,0.032782432830157776
ck_73c5371635aca173,0.9738104744606457
ck_81793387b38047cc,0.0047417723208677594
ck_0cf220816e320ac5,0.004515204617168166
ck_820219bb9c761b52,0.6357751895696436
ck_70a932ab39d86a24,0.0016637968651483828
ck_2c4be237a7ed79c7,0.004729822824295296
ck_acc764b49ef02826,0.3681787815190024
ck_74c3c3452e4e7cce,0.0059330821631426636
ck_34dfb57e5bf31d2f,0.04543774065889435
ck_6ec39903f765956d,0.07325075449484429
ck_5986119e7d81e831,0.036954006666193355
ck_2ddfc948b8eac752,0.7484777084399139
ck_921ff5ceaf40a968,0.20744590333024557
ck_fb3b68b4424b5f92,0.36220697693680426
ck_c3db1b3ad4f16679,0.04491446089582287
ck_124a197be41687f5,0.03748283382899767
ck_c58d9151834f5bad,0.046729809482033424
ck_389607982eb6b701,0.8548080545935992
ck_fb0c138c003e933a,0.00529051724664487
ck_50d0bb7edd8c69c0,0.13459847712093695
ck_c6cb651149dc9a8a,0.011060136541575775
ck_81e21354e477eceb,0.06560818394917105
ck_7696e38b3e4197b0,0.011414265500777019
ck_586001d3ed9e7fbc,0.0030796361307775686
ck_bba413492dc46f2a,0.07545557134159939
ck_95b894380ad2702a,0.05782627515795638
ck_277621473369614f,0.9959266230614986
ck_a50621b5eeca84b4,0.002153100502998151
ck_bfa7ba218b988cde,0.08597917445634094
ck_5ea89567dfe78e4b,0.05930135370122358
ck_6c679602a6476ab2,0.012868743478903696
ck_d3885e286b3b11d2,0.0972169324387342
ck_cdcf6671b37c9c92,0.07689921864722632
ck_b5c93e6d34f8d366,0.00277588250193332
ck_c24f61925dc158d5,0.20084589744926337
ck_cd09375e6c81d2c4,0.04052994113146017
ck_a95afc7a00303a26,0.07342720420835748
ck_8e89ca8b39f3f8ad,0.002055877203357284
ck_9a84b396aada3fa8,0.44278238406074866
ck_5124a2e415384945,0.21733771496647988
ck_d66bb1f063357f99,0.008977849298327872
ck_0fd9312411b0ac55,0.027949488184311533
ck_ad8cbe6e27e47ede,0.10284096371866365
ck_8398adeaf41f9cae,0.04728343320582617
ck_dcf851e7bb5855d0,0.00505572281240671
ck_9affb0f26776b642,0.004794780914119176
ck_f0424b3b36bdbef0,0.18810808717252217
ck_66746d1090d6d9e9,0.0014705299853299918
ck_e5f8c8a5824db594,0.007560093941984272
ck_3e91dcc209431984,0.09842509206824072
ck_126a82e8d42e5ce6,0.010377884524781222
ck_38e4a74ab256e2eb,0.012914242944011988
ck_1225a97fc413a419,0.051589258188573996
ck_9b5ec0f78e160e65,0.005763706389226336
ck_7c5529bcc079600b,0.06023138989234279
ck_29640fc2fe81c251,0.5417740907398568
ck_160e9ba0a3f7c1fd,0.00399777548755384
ck_bff090cb4ab76b9f,0.03075305430326578
ck_aa06ed358e43db69,0.2706948777539695
ck_7264486eb512d84a,0.009678993132016409
ck_f5a32e6160b28379,0.035005886210602716
ck_4ba8bec14c2217e1,0.045480540643867175
ck_610815786d729d2f,0.014016120606659483
ck_e267999226b6321b,0.0045730801610516765
ck_f3996a3c8eea1ea0,0.03418741414785045
ck_e9b75ed7567a3f23,0.11605288064465635
ck_d21612d48bb4f7b8,0.025095043508239254
ck_1f871df76c6a995b,0.4237075464863129
ck_953bd5de48ccd70f,0.9311664443180596
ck_02a9104419a6dbaf,0.1887209491098702
ck_1eeeee651e05d535,0.32088389863435235
ck_e2ab04136a442a98,0.010875603726607862
ck_f0d806624ef3d359,0.030464193441238463
ck_4b68b38c1b3326a3,0.011169919150519052
ck_74e60495f8861156,0.09312484611531043
ck_398f3f4cf05c721b,0.01002649970330163
ck_f761b7650a0c1a85,0.07412933633478723
ck_7dadef33f5e2d94f,0.9820601185477997
ck_6ff6883633b8c7ba,0.0020734445689057903
ck_4d2159603045109e,0.016498807720934396
ck_a38bd07a5fac5c9a,0.011309769772878099
ck_f517f06551e69507,0.012635726362407477
ck_a7ea00a1760ad561,0.9933697141956828
ck_31fc51d5a3dfe16a,0.06353222955077117
ck_bac5233623b25ca4,0.04345818610786516
ck_385188ab27784fe3,0.4170446247135
ck_9947a323bab5cacd,0.4586850425123769
ck_7973edc9f22ee7b6,0.08069195850192365
ck_f97c477986043755,0.0033137724551694303
ck_1a3fd2cc4b4de196,0.009167851409778353
ck_e18ac29ea62cb435,0.13605323864373237
ck_9720a472a3e0140c,0.007210116870162399
ck_668c7fc7d7e47c0e,0.07906711400152927
ck_214af0806470ef48,0.03003045646791416
ck_a46c1773f01f0be7,0.26675263813070055
ck_f2bdcfb4203ffdee,0.24734681483005833
ck_40e84e6ffe788a4c,0.05283396496258004
ck_dfc6f5712d8d6678,0.20790099526304667
ck_01ef1036b2e66a4b,0.004442010757720582
ck_3acfec10eec32f9c,0.0799903458347002
ck_084a85145c15ed77,0.010150318994559426
ck_fcdb4fe2f095fba1,0.8230750565683099
ck_023908db0a193076,0.582579278979434
ck_fec0ff92fd622253,0.010695435199218999
ck_c009c97d5fafbced,0.49736248932535626
ck_eb9f0c06ee017ee5,0.04873868962251516
ck_d7792b429620fc24,0.005018323178251693
ck_5e9e149a3b69c726,0.0687432633603107
ck_ce927322ef8f651c,0.012104832211350069
ck_b8fd61a8e82bce32,0.9856249902442963
ck_9aafc33fba1474cb,0.005010998069463328
ck_ce81ff9b8b35562f,0.0034669314663403708
ck_25bfca1d8eaa152d,0.03547777539447801
ck_170c65860e2a7e23,0.004567291507431125
ck_952da7ca9f33decb,0.014451551857510455
ck_1ebd574406235957,0.04200619828325353
ck_589109a188adc2c1,0.0026031328782948403
ck_f0cbd5383bb07778,0.1277161180686884
ck_242521e261148fba,0.011025543883251002
ck_509cece86a558de4,0.0053473458171850305
ck_0dd7c5925d28755c,0.011453205785826231
ck_a7e669cf1c3985aa,0.02232163097586712
ck_acb84dc2351eeb76,0.002947725522118037
ck_b837c7dac2a9b931,0.09897114612758708
ck_18eb1f9181f95df4,0.00555066303316099
ck_b0b9047dddb1ec84,0.9473136031296028
ck_43aa136bdb0a2832,0.620826383091378
ck_3e47f8c56c811700,0.009322520605124517
ck_77c587d24695ea15,0.025007234014759367
ck_20578ac693ea4e93,0.1851077133759626
ck_b9f6040eebd1605f,0.13793221612706608
ck_ca9d86f65cfdf018,0.008907393560955573
ck_a4fa8833995c716a,0.00525381509369665
ck_f589f1e29301b5fd,0.02722246020128824
ck_961ddb8ff55d868e,0.0033419611183438465
ck_5662492a54e6688b,0.03857090337356835
ck_ad48826c1c26eb78,0.679365215795146
ck_621c9ddde6bf2eca,0.0749588410450922
ck_417a3500b2c717b3,0.10321367208496318
ck_c7e129058beb3ac1,0.13006944600088088
ck_ec1c902b9b9b9c5f,0.13617780783408906
ck_317360ec0a67d27e,0.20374887017353627
ck_3e3ea5d8c4a229dc,0.14852187918464987
ck_d11d27de7bf0b973,0.7348100559495448
ck_d37d56e931105db0,0.014110307352280919
ck_4863077723cd6ce1,0.0031411732457313135
ck_479a065d5903e9c3,0.00786270660212981
ck_e66ae4fd586fedea,0.016720566035193386
ck_192bbfd0d5720134,0.00369150836639939
ck_3b436cb29af99f3d,0.03722892748655334
ck_7c7ca54969eed187,0.19896999810522986
ck_826ee896c9f1144d,0.2566310359980494
ck_ba1f6dd43fc8a0b1,0.05516645279641358
ck_49685deb63e4e8f8,0.034552529637636366
ck_687ab5d5554bfa79,0.21432649795430309
ck_41346ccd9242cc8f,0.006469636681486283
ck_8f8e5e2b9dfec3d1,0.10418441408873155
ck_94d5ce61a0c50465,0.034279817074254225
ck_6b954c75aad8c012,0.06906781336992396
ck_748af92828c9d288,0.005165752778754545
ck_dddd14091ce812c2,0.04393583370104044
ck_723323f6870fab59,0.15298977075415549
ck_dbdf8d0708cc6718,0.0061839985967707175
ck_f04938570a154de3,0.03515070808927358
ck_58afa1550b3b5294,0.02630345307695238
ck_3b150afde386ecff,0.10266471092032706
ck_666b95e75d99ec4e,0.9346390806041155
ck_e00332597cf1eb24,0.05391473464534461
ck_9a9e3dac79280d7f,0.7466866558843754
ck_e8d37262e859d9a1,0.028066741326373067
ck_895bb39d24bc1c4c,0.012094890380203751
ck_b367449195e36499,0.033794322828678586
ck_d23f9a50d1135ce1,0.2662268599002896
ck_670dc4910cf476c2,0.0009981642449557683
ck_3ecd8a5ce65e21ca,0.005803151804706069
ck_8584fea2df4c6317,0.10728647673220226
ck_0789ff4562202b20,0.06030974481974044
ck_749e0e50c3907be8,0.00344876339334465
ck_c3ff6790cc6d7e34,0.01287689292116447
ck_75fb7e56432ee4b2,0.01827610312463321
ck_529fc3170fd11abd,0.4703340073717928
ck_34a69b3b4a681796,0.5083971149420055
ck_255f0e5888ae9e23,0.10257943923480685
ck_65be698386474170,0.0028966687063162206
ck_5eec9ed855c26000,0.007033588788301671
ck_5ab39bdc9610f6f3,0.6743494089791651
ck_1b5b75762f033462,0.03243671054269259
ck_d3e208671cf37f91,0.9582379787771339
ck_5068ee554ceff971,0.10466568214836444
ck_d7d50fb57fcb2d0e,0.002257580476340641
ck_ba6e1115fceaa067,0.051918050841607784
ck_d07bfb16a4a7dac0,0.9755514166740538
ck_ead68310311690c8,0.9425455357728099
ck_ee53ce862bc9c111,0.11955817454455506
ck_97e56e6037024dff,0.006992748696723609
ck_80b04344c98ec072,0.18923693585261664
ck_5954f45a2ab45f43,0.13921501031813002
ck_18ddf7e836256e3b,0.09401461261300068
ck_89a1a780144d808b,0.03537693760926433
ck_a7331e8b808c39aa,0.3229112779995996
ck_a1fd0ad03ff9b776,0.1484098682113003
ck_c0cf50eef030b401,0.003604404025010755
ck_074f20921189e7d6,0.005164119009985549
ck_e2aa7be60794593d,0.1545972390610646
ck_72771757dfb7f7a8,0.05758547717206905
ck_a9cd84a6dddfe584,0.2236540683910913
ck_142c00f9f8557504,0.2329956089087467
ck_221b5d40358230f4,0.01584137292581706
ck_a2d7a563f520b7ea,0.014524041694827194
ck_66cd34bc568d95e0,0.08482905092179746
ck_a17128972d3e507d,0.0464979489746843
ck_bda299466bb2136e,0.054929107979098474
ck_2b699066665abe8a,0.03932728214458264
ck_0ac9848bd4ba0c14,0.0020690339175162614
ck_98d2f9a6ba3a3077,0.9517313155334077
ck_a872df31b28a5f7f,0.4949700198147054
ck_7e73e1d44ce82ed9,0.006998537868673164
ck_1a415416f620d49d,0.008040208012960246
ck_c95c786d2f8b8edc,0.015135338439771162
ck_e45012f22b7f91d5,0.004756524884749619
ck_aa0b083e2a6813eb,0.21852233986602085
ck_4666232ddbf77756,0.014652453595672509
ck_e08e9c8ec5f23d8b,0.08413138620928397
ck_31d4c0518e5f52c6,0.04627444672456295
ck_c1ab40638f04cb02,0.04089530103431527
ck_4c1fdd1669c7cf51,0.002018384921004581
ck_11662cc7940ffc82,0.21550478779115456
ck_2e679af24adedac8,0.009446849685363877
ck_454b9e21b7f25a4c,0.004757963525034292
ck_355c4f29089731e8,0.9283010672672276
ck_507e40760a24d2d5,0.17878070701881188
ck_0943e0f305078e34,0.9810544099070274
ck_abc54ed7111e9ed1,0.0038162707073762184
ck_a60fe02fc04407a9,0.1685205867810023
ck_244b897bb4d57c1f,0.012131736864998554
ck_8c84fcde93a04334,0.3596583622792818
ck_9eea37d2de633b27,0.0069520565197015004
ck_b2cb9e6610eca967,0.01643561458194598
ck_09aadb4c41b166f1,0.5110914381720392
ck_8d94fbb4828ef326,0.007178084778774727
ck_089e3a07abbe3b8f,0.002897566292460024
ck_dfee9de05e3971cf,0.010255792419879884
ck_6abf8302ce052451,0.2392037820840913
ck_6ffa90143838a4a2,0.0065556697992125625
ck_325caeab5c7a9c3a,0.03176351579236391
ck_1964ee9db929a173,0.9547487365159694
ck_942b95988a6245a6,0.2790930709010827
ck_913ecdeeb8e21a9c,0.01880380851775667
ck_ecf9794349eb4b3b,0.09902245024911008
ck_b6cb8d6ae828eed1,0.09531387001395077
ck_2f82ea66c4f53b33,0.4048160837564244
ck_6e676daa4855b58f,0.1707474022135114
ck_2a37fef48b44e9c8,0.13175943767559137
ck_3bd12d468fdc2450,0.011453987384173962
ck_1a28b6a40a6bd3b4,0.23581325465895575
ck_61b79dec96d15713,0.005009683303038908
ck_31d5e3daced93d3c,0.1025310377467602
ck_e6c8611c0cf233d7,0.002899776332888394
ck_f04761b4a937ac3b,0.011016529703769751
ck_38c1c75cf055031b,0.18964918321391427
ck_59a561f3df01441a,0.03027381441924381
ck_04e40f556a5062ef,0.024824561403864794
ck_8409716d174635b6,0.00746535372899138
ck_3019afee83342701,0.18465792040093162
ck_b51a58e7f032c9a8,0.11550145332558152
ck_5043e474f848346d,0.10916958693105064
ck_4388abce33ecd01b,0.8122143975493151
ck_c93def7392f0aff5,0.12612138019852723
ck_72e7b1acc19df820,0.009324419927527926
ck_f253130dc3ca5b3c,0.03993566840967465
ck_eb264d1b180d4b4c,0.03832665117487131
ck_c2504f5a113433ee,0.0038107346510942077
ck_c16ab1e4dafb4910,0.6847402657131809
ck_4bc42878fa180991,0.153456106246182
ck_1c771a7c78f6622c,0.20888777246105344
ck_d523f0e50a2747ad,0.005617449386038031
ck_9060f4e7ab7a1b0c,0.1665636346906363
ck_6b55ec4e87a5e22c,0.30172862411735446
ck_55fc62a5f89a7251,0.03841141358454024
ck_bd2545c62f258231,0.17170078519829707
ck_1ccdc69d0bb712b4,0.010049146692707291
ck_710f867a3bd5898c,0.003055802057197874
ck_f91d48c40337d375,0.010672939623003216
ck_f76d929541ed41dd,0.07090845662041557
ck_e26a6659c237b650,0.0841927143309914
ck_184983177b73dea5,0.026142008796686635
ck_6d0d081bfa8a0022,0.15585684021821083
ck_2f6e64f638da0f97,0.008518909265335356
ck_15b93103ccd38609,0.026821734860241406
ck_094d10439b7b4eac,0.008424811196064787
ck_d2ca47180a926ba2,0.03513749180962116
ck_a69ca7b9d70972bb,0.002733707125516022
ck_68914e67343a7d32,0.029885231540201694
ck_8176616132458c0f,0.05479969196367121
ck_eee99af3598311b8,0.22380053277832987
ck_94410eedfca91304,0.21500294785029928
ck_cfb11a0a2325bff5,0.008411549482445628
ck_75217ee144b715f8,0.19635869958612973
ck_d56fc799542299b8,0.006332174781912565
ck_4c352dd3e7c81269,0.3436844045246579
ck_e23e50e02cb3904d,0.27455950911856386
ck_b921af37d500e139,0.043021745383624604
ck_82181b935360dcbc,0.9837929675098831
ck_22a7cf3b99c5e5fd,0.02964918274908237
ck_f67ee7910d532216,0.07299714997587557
ck_5f48762a14a0326f,0.0042281933411633076
ck_1757fcb0e6e3f88e,0.17008675417260805
ck_2c2f080ba185016e,0.15317995645403237
ck_4c25570eb72711b8,0.00577969667236544
ck_a3be871ca22ac416,0.028841492317292484
ck_ab70961e7c6695b2,0.024100278924630833
ck_a1cdebfc42a52448,0.0035828449206919996
ck_f1b80b821a20186d,0.08786557247250726
ck_ae668e4564cd2aa1,0.00957936147713341
ck_0e2bc3a5afa439d8,0.1120631042083739
ck_3dc378f37d0b74b8,0.04614349359325085
ck_9f9555197480d1cd,0.014526543646282409
ck_bf4e7d48770a4a8b,0.1947026530623439
ck_614ef655f0685060,0.0034696628576200003
ck_04d2ea38ee27770f,0.006690618158817093
ck_e03a9d8ac94161d5,0.022660289565034443
ck_d4007b5b26d9d854,0.002397006242173735
ck_2dd147ce6d61749f,0.06610933970169598
ck_ff45764ea7d6619f,0.1109016949603063
ck_dbc487cb0a6c18da,0.9855944252766964
ck_791d5392bbd80447,0.005623044380897569
ck_b4068439c413b150,0.012621252206619573
ck_85df7b7de9700aba,0.004075402450549828
ck_001e42551cd06e40,0.006419702030717204
ck_a6c02ae50932cd9d,0.0165972711141114
ck_9fd0be2c018ff5e4,0.027040552180851676
ck_32a495128395fde5,0.00640922171131565
ck_b6f2a2fd232c141b,0.013084329326912187
ck_28dde633692904b0,0.47920462094373845
ck_a1a93c5f375f6021,0.006909371625984121
ck_e3982142336782df,0.027677966040204026
ck_a9812ff3c111ea94,0.0756426938053791
ck_f04062216f95fa00,0.060230001813735196
ck_7c560467daca735f,0.0011398767154498994
ck_76ee10d6e2dba70f,0.12704448678407962
ck_3521243bdac61178,0.020922879130013772
ck_28588fb03b320520,0.19509698096237205
ck_580dcec33ec232b8,0.03713125329969568
ck_7109923fd7dab20a,0.048203229881466934
ck_7c872c99481c1e9e,0.020117770647757494
ck_46f4e1f5026f4d1b,0.001834737463740847
ck_00d1ebc31ec4653c,0.5820538514350027
ck_aac70764dde15168,0.39724057772281585
ck_648c03f9aa4e45f1,0.03847290086365017
ck_5478eb69ef912785,0.34713877901686196
ck_79b8523137bb2603,0.19811718702676376
ck_795c49f312640019,0.0017210060958228347
ck_89184bf7b7fe41cd,0.6402662704776017
ck_97d4bd922996fa10,0.004954229269397489
ck_1cef30d08f3a598d,0.005264368834844557
ck_2f9fd36a4a40a6a8,0.0031146460968159723
ck_40780fc0f8d6f309,0.02760267368847274
ck_9083ca9fec2a7f4c,0.03045004623144916
ck_62081bc35aa59931,0.014216589466648933
ck_2e1b46c5fc56b863,0.6449213644733908
ck_3d139692c51b604a,0.28083224716184474
ck_b5e54e22e3d6960a,0.005413635038840284
ck_c0c4be3f44311b04,0.007215853283353757
ck_82a8bdd2692c2a5e,0.0033626992403537155
ck_bdd2da300b530c5a,0.04070610699980097
ck_ee40498cd97183d3,0.008010660218990745
ck_70b9274473bd6dfe,0.009394817368853593
ck_473d6314ea614b29,0.02495647413481276
ck_7443d6dca8cd1352,0.004800804521845574
ck_3b49768b448b071e,0.09793952820522668
ck_b43f04431c267dea,0.004125191217713462
ck_4424a5223ba2fe00,0.059773973528657064
ck_819bf3e8231f4081,0.10205133531049879
ck_91d417507a8c58cb,0.43744563465831865
ck_e88e86b19cada4aa,0.08269223232385309
ck_59684167f9c6bf4c,0.1850635553275185
ck_d5f5b0dc97b9dc27,0.029884177672292407
ck_13d1b192bbff8f32,0.02458051369113005
ck_b21d8630387cabce,0.03670019834940204
ck_e4ac22046699b99f,0.021088212833118628
ck_74b848064f2ff45d,0.009642130543194603
ck_166aa980cc87fa77,0.23708960881983182
ck_98e337806104dd88,0.0349163790892669
ck_66eb09be007f0755,0.039220647749457965
ck_3ec9b9d8dd7be11c,0.10849573582460147
ck_8b8b9de339d75d0b,0.03508823419901881
ck_6715139e240007d9,0.00666083469120221
ck_a0255ab46e122d2f,0.003216080566257616
ck_66e81a4190c33510,0.04385168966962063
ck_5d75ea4f5c9080bc,0.7649776018084004
ck_df69858b8a8b3165,0.005955026726627562
ck_e15252ebd7553422,0.004714273720715986
ck_34d6d74bb3ed11e5,0.0032238157804918162
ck_c2608f78f6851d10,0.9430626139272351
ck_bb99071e8f58c8a4,0.6276497337912714
ck_06010f0df5b7cef8,0.03918995185048446
ck_8c582eb0f6c0148c,0.030255903439834923
ck_0034d010d28aea78,0.03923049667865488
ck_01c1f06692566ca1,0.017402123027836027
ck_4807726e797fb893,0.07817382457829913
ck_edc9668282e3c8cb,0.05372906039491415
ck_5486768475af7bb5,0.9670518166778195
ck_3fb9813849e51837,0.07389705916926072
ck_861af5a9a9a6d619,0.0234208158860562
ck_da39653add0f1109,0.0037455283666256284
ck_74a4244eb1f162e4,0.0037443358108023624
ck_9a930faade55b8ea,0.006216695419944372
ck_fb6e06ca88519dcd,0.02259821346383164
ck_9776cd8263a9f415,0.023407991491369254
ck_b3dd1198ac5aea73,0.03596534581703836
ck_b6675a04df1a4276,0.002887342867571299
ck_5c7ad6e731b69333,0.8255042209447427
ck_28dc0fdbaec00580,0.22757993297861445
ck_8e7a32f7e3905f4e,0.053406246698886335
ck_8563fed6674afc77,0.056088319157310496
ck_9a2fcccb82da663e,0.03556333738828152
ck_6a519bdac0d94527,0.0021981745767534425
ck_a0dab7aa9c4a39a9,0.009730875063990828
ck_a3ce05e9e5e32142,0.10508193392825729
ck_7a7e40ee3f97c035,0.08803480977178808
ck_9e9a830785112a73,0.08254414318793102
ck_ab1bb02f6b189304,0.7719960477616351
ck_7b8cb0f90fbdc8c6,0.021414449350713752
ck_b138fc249e659e60,0.04916023736471767
ck_e73caa3771ec5e0f,0.0071613348638984164
ck_18a55b06ccccd88b,0.09309757788406596
ck_fdcb1d9265d8fec1,0.1738481103062485
ck_e21a900556b382ad,0.057298108087470406
ck_c6bf67470f526771,0.06840835499711322
ck_b568ba3837afb39a,0.007704643122345423
ck_a2858979dd5645ef,0.005625455424201627
ck_1da9d40837ebaa57,0.04793123615125017
ck_9341c7959543c542,0.002852517758411528
ck_c8ad86806b9a2369,0.08615229812714975
ck_5c85d93ecfed4b0e,0.0019012971432424673
ck_f07b09879d697b82,0.00674317394199398
ck_fe43da07608b1749,0.029918178936615324
ck_4bca22b5926b9c28,0.014047690851537708
ck_aba573aa942b1d41,0.012360236070002478
ck_57c14e32fa4683bf,0.004683176595757033
ck_891530b489ce402b,0.007690062851526918
ck_5e74fdadb93ff293,0.06963073726972388
ck_14436a409ebcc90f,0.03569796307681075
ck_00013fdfa0bd37dd,0.024997489869574882
ck_7dbe24ba01316775,0.12452260185231775
ck_0e3f80c1553c591b,0.06523501572024677
ck_3edc45db58760d76,0.032407219418525306
ck_29076a13f539187a,0.5893289202672494
ck_b1e81b58b9a545ce,0.36253800613715564
ck_3f8571d4f7420b2a,0.31121111236744403
ck_7dff6abe4bd644dd,0.9097761155534405
ck_2884bab237af16b7,0.03566181008834689
ck_231e6dd1fe708000,0.007479723488016037
ck_33ecaa7b892e73df,0.01357032757458482
ck_b109ec4c63503030,0.005621841331488769
ck_a7f522382509cef1,0.009228239556409164
ck_748b3ea941d8b3b9,0.0149937897854238
ck_29f3a1737a2d9634,0.021274417227967073
ck_cee8d42475a0f020,0.7937847239793949
ck_c6b6ebe145a8ffab,0.008365104335285575
ck_21c99e1d6b881894,0.0024015743391379643
ck_5ad798286384484e,0.11688150230503509
ck_b621b6ffcc7f4848,0.0023318696943500023
ck_ea819e337233475c,0.5552372885557675
ck_9e3896c2668ce06b,0.11415216505606443
ck_501dcf1ead036d2b,0.028356591878098504
ck_8d5eda29a2cffa3c,0.04285750007189338
ck_4d3aa36ff83f1132,0.5461201340143708
ck_8e9faf94e3e6c757,0.004520635681620124
ck_ce0ec41f96951048,0.18226281291752167
ck_f09165d73ee903b1,0.03801077447685422
ck_a432b1bf1d3b3d5e,0.7435186475217863
ck_ea618f720ff0b4b0,0.005402855799953397
ck_7584e7bd755cb28a,0.027878613238175788
ck_e14681aad43e1a72,0.1513070144309955
ck_5e18870d8e30e379,0.03458663420589624
ck_ff7c26a62bda8089,0.0032500009354820957
ck_cc5a35175d381d5a,0.010259611293733017
ck_3c25029e40aa8a84,0.006161740415562613
ck_771247b5bc16c12a,0.004418935239708876
ck_664b5e02759f985a,0.01738641592935432
ck_692a9e8f504b9762,0.0011851169975502021
ck_df8ad2deb0a4ffed,0.08656560970083735
ck_eb48c0bcd12ea654,0.056045394256185065
ck_7c77e597c951cdad,0.05175749386113442
ck_4f75144c6f3b13ad,0.03941214308442734
ck_1bcff399166d7c43,0.008121098544853666
ck_975c2aa3d4a8c51a,0.013421708154464838
ck_bc6f07b06aaa4ce3,0.4124947774083336
ck_80b072b7f3c7e8e5,0.007255856486003316
ck_471e4018a23b4e56,0.005349565884049331
ck_53cddfba570b4a3b,0.05846850328787706
ck_630530e50764f229,0.01816743068149581
ck_dcef7887a4f1e435,0.11838051945491444
ck_2795921a055643f6,0.022019173975080686
ck_7456df89f3792235,0.010358369715360416
ck_5014a3b07e1f049f,0.7657446416282636
ck_d4ec44760cbe03f4,0.012598850166919858
ck_96810ad39d4cb7b0,0.11178163793499576
ck_3222ea25aa29bfa6,0.0029669035058380684
ck_f6c42001b84a10cb,0.5680814267491654
ck_5ac86682385c86b8,0.03738649348392416
ck_4280c33af57eb4f4,0.002704752497553182
ck_05f79ddd8eefaa56,0.07398228129761207
ck_3a57a13ce032a6fe,0.010538270155715191
ck_a721f0d635fad68a,0.010112430145053038
ck_a3f821bdf408c326,0.009075057357547633
ck_0ada63008be5685a,0.13140172747076484
ck_8c949bdc6e8720fa,0.3623402988825608
ck_c0d2c56f9c722e99,0.9833687027971738
ck_5d2b9e6e087b8dfc,0.995871415918554
ck_5217b55593a332ca,0.44262171059350736
ck_7a7bb9be5a7e48ad,0.014016339890312292
ck_24cd0d779e866287,0.005548126128451539
ck_7367917891a63771,0.10560826679108964
ck_4b31a8862a857e6e,0.9536477784122674
ck_81429c4910ca46cd,0.006345407728699884
ck_b35d803568f82d9a,0.04255543842430505
ck_4b00e75c2d2d0522,0.004220977684220903
ck_77fced07f6dff42b,0.06850886042753185
ck_3c9a06eb07c300e4,0.0024245412989409836
ck_b3867f7f494db64c,0.0017058100056789008
ck_0c45e54897ab34e2,0.14942383477489174
ck_507a6a580ab55c76,0.010726484475646267
ck_291bffc7809f896a,0.0031783944812066524
ck_3753cc5b9d02e2fd,0.0036395040508178434
ck_4f63d5245b3ac1dd,0.028510219174907307
ck_9dfb2ae78659240a,0.022456251303520722
ck_90f6f5ced708aa75,0.000964698003714241
ck_8b5b5a6b5539e39b,0.9398460667764097
ck_4719112b55d20161,0.04482470662668486
ck_fec888a7108ca52d,0.9905264273132934
ck_4f5d022c99f118b7,0.125140805089199
ck_e967ff05514b697b,0.16559854207241004
ck_839ce35819bfa4fc,0.004377633900537295
ck_bdee1221b9addff8,0.017615909812979426
ck_9cde4036d0914427,0.02769068766108365
ck_5ac959cbcc5e98f3,0.005563334077922113
ck_619842688294dabc,0.010133668359032653
ck_7373d7b04c7799bd,0.08058600375238906
ck_c1dd3feb9a0b6471,0.08355743794113346
ck_0324a4812ec319c6,0.015723059793792484
ck_7f3685aa2933b251,0.3525226690477481
ck_06aee5a62a67a84c,0.420280436790991
ck_3428910b44b9d08f,0.1189642798459955
ck_c3ba7534cefc1de8,0.037425332344265386
ck_1f1273a67cbad5e5,0.9155603254453679
ck_124565a11b2f8bb8,0.020717854671255507
ck_38e46bc861e0165b,0.2979963714791467
ck_c8ad3f01319c065e,0.15510130464569852
ck_3f94a34f5038f7c1,0.8728782709319144
ck_cee56be5a502fbd1,0.6383934787328844
ck_2b90b76cf4d162f9,0.01779082694866173
ck_884b2e463ff1d54f,0.010255611344388094
ck_fab4f2f8531b4827,0.013532404224485272
ck_4fc6256e0e60a926,0.02456616415391048
ck_0a2f8b2f8a5b6f02,0.03422103677207924
ck_9c0deab8a8367c5e,0.0010302878572389005
ck_d3a2a4c011fa2554,0.0027435994257232112
ck_4108b4038f762817,0.42693639786466364
ck_4df036e2aa7e1056,0.015081999776171785
ck_ec094eb1cbb3efc5,0.0049487314496880494
ck_09f8f51bfd2492c6,0.020568653206684114
ck_b60fb9a10d6f4489,0.1261925487097079
ck_3638bc3388dbc1bc,0.5988919007913742
ck_7a58e0cc9943c39a,0.002371404918743575
ck_37dab6a0a536ed49,0.31980042727146113
ck_adc576690df5b33b,0.0735171797309056
ck_1383b2b1875000f2,0.025810435336482578
ck_43c1248db37a2eb0,0.009062669692808788
ck_29c11bd68858e923,0.004351100473688451
ck_9401f9e11f65337d,0.04014068921379467
ck_ce5ed372b1a2ed6b,0.136602874397795
ck_08b4619490e751a8,0.9367279867454374
ck_44b9125526acb05d,0.10603301696035947
ck_ef1a1de20d2124cb,0.08532324258409708
ck_e5e2624b7fc89774,0.07034863521311252
ck_f5100511609b92c0,0.0013449900544397382
ck_64f3bb17101b7c42,0.009137190797849679
ck_ea1e5b5128ecba2c,0.0013004550602564143
ck_516163fcf04d5e77,0.1179497498938327
ck_7f9a748110d70005,0.008128983482461877
ck_d263b55f0a681cce,0.05993543732948039
ck_0e962eacf98a813e,0.012087971654983116
ck_0406931800e0e2e6,0.004277510701572744
ck_0e9b982afc88a3a9,0.9880348400050278
ck_8bbb625384edebd7,0.000926267928939025
ck_5eaeb87bf6207406,0.9816309623375195
ck_cc3318839c4b0745,0.005972090491370765
ck_08a0355d1f1890ef,0.046509832587779285
ck_af7ffd1a822460d3,0.6329789359770353
ck_2a09c7aa870edb6b,0.00543344322720631
ck_bc04f51c23290bcc,0.03022341523509789
ck_d3a8333cb389f4c6,0.009723637442071284
ck_88e3dd3039508332,0.07642035434225754
ck_b8c7771de9b57705,0.015696071313967976
ck_585ababa02383b50,0.008725498253003321
ck_e988c108754cee9c,0.0144478897016183
ck_4a691892d9d6cf89,0.021579369758379287
ck_7cdce37d895eefb8,0.0282677388285675
ck_483fb981a1fb4317,0.0064763360237273014
ck_c1e5182bd99e0e35,0.5338191881718004
ck_9a1e3ec9a1839939,0.03974764779576029
ck_5c3f13de0dbd5086,0.03256049890023122
ck_f4f6f0caaab70040,0.0028459050763337576
ck_791be3378dd7d64c,0.022235081012219694
ck_956dd784525f5886,0.033634418486712434
ck_098167eaf124c279,0.15961239129857646
ck_33ecff7914349ebc,0.0750210761865999
ck_e05d44e46c7174e6,0.057968443629767746
ck_1b2ce474fa6582b4,0.05386067566825298
ck_ab581082e8f72e3d,0.005845265620504339
ck_e63256667aa19070,0.16747114102011354
ck_f568772b6cb3febe,0.03904391444699984
ck_dd89a282375bbab6,0.3546423823611573
ck_a39d0bca345b492d,0.007128802629846904
ck_d12d2924d0f7a64a,0.017430518484692906
ck_6a548da1728b5823,0.9936456208927916
ck_6d64193681d2a94f,0.22805335628163345
ck_ced6b6dcdc7c201a,0.011774369106911826
ck_d1b0699d26282871,0.06609449992016998
ck_58f757e40a9b8877,0.013699178952084891
ck_3272c2c4a37d5220,0.4906363762004699
ck_d94dfde9e03c9d1a,0.10158501666131321
ck_08a6d4903a7fbaca,0.0424406070965356
ck_6c72a36b05fa0f4c,0.08448365065207801
ck_dbb4bd4eda97255d,0.03222729349847076
ck_94b59bbc824b307a,0.0010176208690682261
ck_0229a07185f15469,0.021803859459541747
ck_11bf1039f8b3025b,0.013987390837321576
ck_36789ca11459131e,0.06704916457703802
ck_8572c5f5c1447c62,0.15204067472027713
ck_9e75c6641939f4fc,0.30819981334720775
ck_b45e47c39d4dc7bf,0.04359994412337248
ck_02903c48b6cfd65d,0.008952603630435995
ck_b153386f1729de81,0.010283734455609865
ck_36979996f33498f7,0.8173572093638016
ck_3c02d4dbbf6716b6,0.02854717824438236
ck_66c9a19963957531,0.3760275643722753
ck_bae8dae7cfd8baba,0.0018830326982901538
ck_bba0ccc6cd968680,0.10904716770534656
ck_3267fe3aac05c71e,0.004632031596419533
ck_40052cac10562cde,0.019604625737283807
ck_d973444855403e2a,0.012593577141256754
ck_012519bb095ad36b,0.9930881183547331
ck_ad7c256ea10c4a00,0.43369511775233965
ck_70a60e095e9b706f,0.001611119215233337
ck_f2734417c0db4ee3,0.0024821114078926137
ck_9cb89cc3178e0172,0.011735381581757026
ck_779cc0f2de4d5488,0.6119596717832839
ck_35f8656bf93e3b3d,0.043130807589698394
ck_bdd8eba728800e29,0.20775905097370728
ck_002cf760d173f0f8,0.05602649302569046
ck_b046067c6ca3831e,0.002754788206954666
ck_a4a42d4bff8af645,0.008243469438003538
ck_bce253d2396681a1,0.06803781269794719
ck_00dafc060c8de32a,0.034320691770949416
ck_968a99e097ee78c9,0.17296155861903015
ck_66949171b387bb93,0.022145397029695806
ck_ad305286702b1958,0.005254779413693411
ck_4732da7e0d2dfc7c,0.004446227467605578
ck_17a95bba77217d85,0.08787135709939455
ck_3e2516a3e35067e0,0.01980931727914768
ck_0b615ed566da1f58,0.10367615869292912
ck_d2b3ce1ebabe9f93,0.0234174609153451
ck_a892252e4e0c2828,0.013830572727735467
ck_cf606fd6ebfdf9bc,0.010908665361109585
ck_718865237134ebe8,0.007026970873458055
ck_878522cb775b904c,0.14024683582750572
ck_9ed53de6ef779ae0,0.0018221254990387977
ck_3f16e2cd7e6874cc,0.03536653900281685
ck_3c59df37895ead2d,0.009115710959593935
ck_6821459b626d492c,0.0022632954747028406
ck_11c7667920541587,0.017008090254926295
ck_23a016cf6b98d89c,0.2564731668889543
ck_7137eeb394d200f1,0.15369711231413374
ck_9c4886c5c90ddbdc,0.006929644003423807
ck_1422a7bf7756294d,0.9679855572522915
ck_7ebc5fa7f0d3b8f2,0.05926697565841764
ck_fcc2059a8d5c41fa,0.42764938226625193
ck_00ff7389d6a83e29,0.23143437265183647
ck_03129b41457795d2,0.047874603893551845
ck_38ba64efa7c38250,0.18294883289489963
ck_57a6b56b09bff24e,0.007907803119092892
ck_e3b3c5a80a567418,0.012172879099642018
ck_fc40a16adfced018,0.008485052532988476
ck_9d4b5e6b43bad4d8,0.009094369343173488
ck_61129937ee466b49,0.04994270836800095
ck_74112e47b8629c2a,0.3167905201675565
ck_b4703ee97f94d7fb,0.002361219901606539
ck_e560f720a988d8a2,0.9349034626704804
ck_708fea345f68037e,0.001965104721736027
ck_25394c1b83e0b803,0.009177747053464799
ck_17ab24fe914ae44b,0.005377078041068171
ck_16c501470d9bb006,0.002879176817079913
ck_628f449e248c19b7,0.14681159686858344
ck_6d64190623dea714,0.0057523549961906555
ck_504a45ee08db72b6,0.014058479347452576
ck_6cbb011e0c70bc7c,0.009189532206743213
ck_b3225a98acd04f83,0.003877505051630821
ck_aa37993f1c17cd1e,0.08363043009614199
ck_558cfe5f77a55a9d,0.010489143321184318
ck_0d0a1a021efea5b6,0.047860181971034504
ck_daf7aea023b7a8f6,0.2629955154300588
ck_d75f25184ece2b51,0.0028073157607375367
ck_466d4b5366c50b98,0.004356884458338456
ck_88f27ab479063852,0.26716772123000404
ck_66779098e78c1760,0.023184276385984488
ck_b150fe4efb449b05,0.021569124422336678
ck_9c3aa9f23d01fa1c,0.05475972297560617
ck_6a01c375fc26705a,0.003919658888475485
ck_002eb6552b504ea1,0.027785993331755934
ck_affa5aa0bff9bb0c,0.14189344884664712
ck_027614eeba8b1a4b,0.012101807952067238
ck_67e075c982add719,0.028843221199216326
ck_399b0d510be98bd2,0.02553511480351393
ck_e9b0bca7368555ef,0.017184468508757444
ck_59c29d9c57b4f994,0.007919636854233195
ck_37176850ed68831e,0.010025781519437579
ck_a0db4ccca08030c3,0.9446690311599854
ck_aa188e5c25f7f42a,0.1004061798693309
ck_7de6997178207800,0.003680073349524568
ck_c729d19053387be9,0.2892017172598968
ck_f2d3e3d90608596d,0.7332338859789767
ck_2db3fb565e0211ee,0.028262182938136433
ck_bed8a480e27e911e,0.06322554400682527
ck_d7ad9921a4d25926,0.04357205686506334
ck_2a59f23fc5194699,0.5032449908892874
ck_63601a58a6120d8a,0.15563732052380935
ck_efd7b9e22c6317d6,0.015452944497323874
ck_9ab42875a0f95b43,0.1026654670492328
ck_85cb5033fca7c846,0.10501498926691713
ck_5249b223000915ec,0.07286395330441772
ck_3efb0e9bf25612c7,0.0017759365500326781
ck_678e74532ac19700,0.031623316089536474
ck_a980b296c95153f9,0.02011580275321418
ck_01ac687ce0d696a7,0.04367664620254961
ck_52e1418cf1aa9871,0.04686277244718002
ck_7d28da4f1dab09ee,0.14110534959785145
ck_010d0c2e6c1657fd,0.26392640643724585
ck_b524f7a2e752b9d0,0.01466725703002601
ck_cc447fcc24a0772b,0.9794412385674832
ck_2cb3c99845e572da,0.0030589954887325476
ck_604c710141327a81,0.011902423504994469
ck_8d5fa65717d2e0c6,0.051203997315959385
ck_31199510b40602a1,0.023625377397484416
ck_49e253ea12f4e922,0.0680190322238883
ck_780738e0d71e7e43,0.0028160185018633512
ck_2cd21137a07fdd7d,0.00862610236233176
ck_5e021f2a3b66e256,0.06960873785271084
ck_efbc79246e32c66a,0.041382409264042685
ck_9951bd806c13c7fd,0.15036826942601453
ck_7a52674e2806d8f5,0.0991508797091021
ck_1a319e509f1efa1a,0.0022792458170186867
ck_c920901b9a4ba993,0.9560601940168836
ck_b71279e807d0b3a7,0.024394779844219665
ck_47e1032f490bb018,0.02712389444254134
ck_192579ecdca7ff83,0.044842289509677495
ck_b1496c474c4a3239,0.0022365390014888746
ck_5e68ea2c5e893cf0,0.2568612664619059
ck_f2ecab85d4693b4e,0.007352974796163784
ck_89d7bfc81c3df597,0.009700930220806422
ck_7929284327667791,0.16852181827606508
ck_494ec63c5ce8e150,0.005049895652302294
ck_319b059bb2145586,0.16114910696186718
ck_ccb3767c239018c1,0.0072005434510899295
ck_a1c7adfe26e09a8c,0.06455353258230562
ck_0e13c4f73818149b,0.09596328264787982
ck_c285a51ed6214f52,0.15959334745907697
ck_916784595f028226,0.45460033336530126
ck_6cd8e0196365c474,0.015497499056372514
ck_57b657aba4daffde,0.2142427964806749
ck_562c76a3753fc7da,0.9356125596903736
ck_66cfc1ebc9a513c8,0.006182207201295235
ck_0f38d4aed68d7d24,0.016128000390253926
ck_d8ddf5e99f7859e4,0.023414857098013858
ck_41bc3efa0fca700e,0.17654720677557942
ck_40799e129fcf42c5,0.5443230440559667
ck_786f079389126e44,0.13176099262193192
ck_bb4c6b713eb0b978,0.20743708938027222
ck_4f01f7eac0efaba5,0.025984412058907867
ck_47d29c01b20cf69f,0.023482071807251564
ck_bf15a1f8d67a30d3,0.041671348627562756
ck_bfecad7586f65e4d,0.06454808010646221
ck_fc9f16df35190eb4,0.6063979346307515
ck_c09c914e416edd08,0.022235174137014327
ck_c54c5d8e4433b0f2,0.008340304690170908
ck_1694c28f44480e98,0.02547224804246483
ck_1dcaa3078dbb7571,0.0028295199123085073
ck_af559f990c640e41,0.028086327488758188
ck_9b436162039a77d0,0.18861769893233224
ck_79d62ef181bd0cd8,0.019486835372964126
ck_23caafc2cd34242c,0.022973558308419458
ck_ffe2aa26f597e552,0.02786631816493022
ck_e6ffd0754ac08661,0.004890146948618557
ck_beaacb4a783db21f,0.006921458919119692
ck_9863bff41d24ce9b,0.01868108530740084
ck_323b9cc5c49f8ea0,0.9492011919339314
ck_ab3de3d3e41c2082,0.01096073126136378
ck_35c93b2924900376,0.0039481693252670785
ck_5a9d5f9901e37e31,0.05130309659561116
ck_782b0be796164335,0.010492779364023699
ck_11960b5f1c7a5e2c,0.010319787687018694
ck_9a66cb13a9884cc2,0.02034349451528706
ck_ba666a425930615a,0.0038386657255973402
ck_40140bef4db73741,0.031481843453132506
ck_e05e91cc180063d4,0.49488267543140696
ck_c7f6f45710bc050f,0.00574059715048325
ck_055fb9f2e1c8c934,0.10519089686211489
ck_58bb02d98e2b9cd5,0.05378660191180588
ck_d9f8efa6a7800f76,0.007539750211964787
ck_69691226c68fd50b,0.8230446507647999
ck_6f2f0396e5b1c538,0.9860362022986908
ck_78bc3f1d0f35ea6c,0.025352117410868284
ck_2d5a6b6636a2596b,0.010441108400756847
ck_7878545739af0a73,0.0027850166952241157
ck_03c4fa4f3ed3512e,0.003317257273884088
ck_1a9e51d092d62c84,0.8185018106289652
ck_9f3861940d8d873c,0.10676705094838324
ck_4684fdd61c6a0fac,0.06876920166713314
ck_715966f86d5c913d,0.0026601226724402268
ck_77f293d44b4a3d2e,0.06032115876060375
ck_24dae044dc05f849,0.07147627932803355
ck_00b9818e2064405e,0.47299113222753114
ck_c1c2cb49c3c1b0f5,0.6944280422016225
ck_bed50fc64fbbf8ec,0.006521150961847156
ck_4f6ed5ea5ab7c429,0.04192702838248563
ck_458531c22ec2f9b3,0.11229847003999269
ck_51c50c4c443df31a,0.8589114826509774
ck_732d45bd578dc39d,0.05148352301882302
ck_783fe5bc20cd02db,0.1802379429253961
ck_7f188aaa63d1d442,0.01306751089151861
ck_ef307a6aee38d1fe,0.9545992544274315
ck_e37196b20968b73c,0.274314019410006
ck_4ef9de711c3d93b1,0.07781940313088476
ck_17946516d5df71d7,0.012257038909777753
ck_3534be0f4efd313c,0.23093423618545514
ck_29fbabf855cabdff,0.006606800857573361
ck_191673540d8486af,0.061696624460521717
ck_5f52728d777ff2c5,0.033014389186109445
ck_a045a19369016818,0.9961648423925332
ck_4eadbe7298b15e96,0.019882989902442184
ck_a3a0bd59729fe619,0.020861919099678532
ck_a1e77090b1c6ccf4,0.019919146222410998
ck_69ab9d4784eb77bd,0.02339388915306459
ck_baa47383ffd50f04,0.008596858346656489
ck_e35b2ed08b9e55a7,0.015686414156655046
ck_b6e3af0a5119d9a0,0.13915198074067367
ck_a7c1dabf3869772f,0.29794939412489724
ck_80b8fca67a14e0be,0.8860387299833983
ck_dd9c5f0c42878e67,0.00549233712051168
ck_41ef7967faf5ce82,0.0016072351025358833
ck_a93560aa348d6225,0.16926506075466607
ck_ffe91d6f0bd93fc6,0.3931672273405994
ck_fbf630c960194033,0.004866294910751388
ck_497ed60723283c0b,0.04329132529494084
ck_2a46b7ca55239413,0.010706068578738423
ck_1a4e5ace078dd782,0.07277537443527965
ck_616cc31910f5de50,0.012685609143777338
ck_0d65bc749eb42710,0.05019708923579353
ck_2408db62e4395ccd,0.022992561936132763
ck_5d7721930106dce8,0.04969953401944539
ck_e8a6acea22b20312,0.5939135605218617
ck_e2f792fae128b18e,0.4361360319236992
ck_e6d3ce445b86003f,0.0011978599592114558
ck_263334d722ecbc97,0.7365074733007837
ck_8c5b29f6666d4874,0.13210930901654114
ck_7ea0bf310fc20c7b,0.9435687428815278
ck_54d463f7fd89ec3d,0.03370355624917305
ck_79e45040dbdd6447,0.059582905884082625
ck_60b4d59953505682,0.9232119895195098
ck_fb00dd5021642507,0.02379920766469038
ck_f409ff994a210601,0.12838208730147474
ck_2ca0020038bfec58,0.7235371126449529
ck_adf84b9df54c3d80,0.044072895560385364
ck_942dbf632591b65d,0.05460295280934553
ck_454a7e4d859a3409,0.003305248420890163
ck_2139062d4569aa07,0.029725842323901686
ck_e949a0f4df0b3902,0.33502910057197577
ck_bb113e3e6716ed65,0.0363198684585824
ck_6a28ea6ce69cb869,0.2835833981258615
ck_7df9910af2bba21b,0.017621340856911073
ck_78aa4b731cbfe251,0.011811259563863545
ck_5839f5cbd8165b1e,0.012678270677440357
ck_7158ad9e58769ffa,0.19431112304475123
ck_acee218cbe61df69,0.15692929588891338
ck_f8dc8473c2772729,0.28121607095031237
ck_f34c93a8173555b1,0.3049286998725231
ck_7cf301d075e4e709,0.048001037804154156
ck_b87e88ee5512ea17,0.003971599867852617
ck_bed0c020b10afa3b,0.04025595136781315
ck_ca10102961f99eb4,0.006073585908002674
ck_393287947b5c8d79,0.055598678383024396
ck_2fe6cac002142f67,0.13752856266634084
ck_79c7f0d29b1db1cd,0.17466852488494952
ck_c735b643d3cbf67b,0.010592335649113754
ck_ea4332c8fe48e2a3,0.037440932857912626
ck_d39864119cdd460f,0.009288926337017302
ck_3b963d6be2773861,0.014364081785439733
ck_df39e3b8a9fd0bfd,0.9666339292173558
ck_6236a461dc0d11a3,0.012970012092952166
ck_475ebccca25e30d1,0.016629699340465917
ck_c10c8bcf5bcd516e,0.29112562822518523
ck_49ccc3716a564256,0.008522193580286247
ck_4e4f99102f6938cf,0.008252698164037658
ck_a97b481ade6f7972,0.13721488875197738
ck_3fa559c679751b3a,0.054459933835185374
ck_3eba1fd2c7acc4c0,0.815683753327807
ck_18c179b4afc4fccc,0.04273349068802044
ck_cc1c0b93d05b7d20,0.21827511579504577
ck_742f7c28ddd019e8,0.0690081202356029
ck_04470bc93b8a0d71,0.024202794906193724
ck_6e8f8ef7a03cc6bf,0.06105452298470477
ck_eb1ddfc353b4da83,0.002504579907208892
ck_98831b57c7ca2e4f,0.0027852555492286738
ck_a6c7b8d6e8596d4f,0.24616744244746008
ck_cd7d24e3b095e96e,0.4860879275023709
ck_3f5ae4673a9f858e,0.011664391067796234
ck_05f375fc8ae0afb0,0.014027323182039472
ck_1fc98436281ee39e,0.00338635706728207
ck_6c48c58678f64bae,0.0028722198027991033
ck_8c95aeec6a4c75b0,0.0019857263101269776
ck_364cde38958b7af3,0.5875843501847934
ck_85bf21aa1a00452f,0.006165814531884537
ck_796d3eaabc667c23,0.9943001559282564
ck_ac449ee0c315edde,0.0033613399332706405
ck_6f9fd15ac6b163de,0.0018380316842449575
ck_4087065be2a45ad7,0.6689591303044493
ck_ecf006bbc78ee3eb,0.8345681912602407
ck_8ca808cc5a49cb5c,0.055814218692838195
ck_94b90ab8b2dfb50f,0.09015982638206699
ck_59fd11b3232de9dc,0.9694698030207747
ck_67f3794d93e2dd67,0.49984345213784986
ck_b7f5acf5df1bb13e,0.0184261375376105
ck_fb04ecbaebb774bd,0.013043604245961255
ck_68ef3e7301c621b7,0.028574621214864697
ck_41406cfa209b6bda,0.011310065478271628
ck_b0f8f5408662337b,0.00794635606447991
ck_0d2901bfe585c391,0.13757669479999285
ck_3398551e81dbf3db,0.2500430316853772
ck_61c3e3e277629646,0.08033894556868042
ck_2825e34dd3e7ea2a,0.007696501973902004
ck_20d7571ba830009d,0.03060207177763685
ck_c98b16f9a72a6568,0.0018554449393690282
ck_e7c8a9e4641eb9ed,0.001686415680278791
ck_254a7c97c36dab8d,0.030383579649861596
ck_e98429675b46272b,0.00537919710150021
ck_c2fc0ac460786d02,0.26252130949836205
ck_fba15647b3a140d9,0.006897476900989455
ck_15ce50f2704227be,0.03571721939638885
ck_8c748aaa4a4554f9,0.023756168155116233
ck_e00e82a9419ff086,0.08151250255220202
ck_832341c98254bd84,0.11111357389458656
ck_27466468d06db4eb,0.15116215803252037
ck_9d7b9e3ff1f3e71e,0.022220627854210265
ck_42c6973d3a6fe983,0.005583180109220991
ck_877c85bad118bc62,0.22995382684374382
ck_75d2a2715259c4d7,0.08959757593637915
ck_37d3e5c681a2214d,0.6847025558267473
ck_bf285dd49f372de4,0.04424833964613503
ck_a5bdd026fa9c50fd,0.033594943132486135
ck_88d9244a9cf7a77e,0.8952787825376721
ck_5881b174e49b04ee,0.009531744991512799
ck_5b16d67c5ea89930,0.027559305615457937
ck_b75b936aafac56b9,0.011628505244418517
ck_aed2681e1646a0df,0.1953805803971853
ck_f63cb5e8cc702bad,0.033447226514891355
ck_1805fcfc4a9e4ffa,0.9595215070657884
ck_25c355da356c730d,0.18623946646391012
ck_70396398e4a96449,0.0019019589479004543
ck_0f743bd13373748e,0.14066722574002907
ck_4b387765f0e916cd,0.0011882908857177143
ck_e971faae8a10a260,0.012464109401579963
ck_9eb08369e983abfa,0.004816455294764438
ck_c30c5844512e429f,0.23277763780277144
ck_59e77e3a81f1fa0d,0.12807484400896138
ck_ca4465f2b5c1a52e,0.9893917097963374
ck_c89b9ca398402f1e,0.013136890284839529
ck_36e72ef9273e7a95,0.03446919410890159
ck_2bdd8616870e5e1c,0.005423089398184583
ck_216e87a41de22b5d,0.4917448896298968
ck_60f4fb44f5efe3a0,0.005075830138920372
ck_05652e8ace6ce6cb,0.0032177769844059
ck_8c136dc691e65695,0.0024992529952986126
ck_a08f8dfadbdca112,0.002471837709444635
ck_bda4041a3e90d860,0.06330067037547528
ck_15dd3ecaa8ce0245,0.8912947650255318
ck_3e3c64b3b7876ce6,0.08501957370577717
ck_46225858a38b2e57,0.008861530790396064
ck_0cb9f54928f4feee,0.020671994180010846
ck_152671fbf8a9a78e,0.2414089513144531
ck_ee7a515e87d17d4e,0.029571917307453024
ck_f7276091bf513d22,0.6766504313839408
ck_4f05daf1cf0d5755,0.00469530896423051
ck_83a69c4a5d55ef19,0.04249487648901547
ck_c50fed2a7c9198c0,0.05452026465591169
ck_70d19d5650ddc8f5,0.017989081511826276
ck_4b4d99e443618904,0.05061994213879609
ck_dca0b6ca93311ca2,0.09651137562489982
ck_b7431d4706461ec6,0.013476360414399396
ck_7b59d22cadef3b05,0.5057425355128328
ck_53428573abcd606f,0.031819454951013106
ck_f538ab6aecf2adfd,0.002545793688548777
ck_d321249fb065d2fa,0.13687980604138003
ck_72fdfc7e6d8e1436,0.0028776961719729475
ck_b52b99dad89ecdfb,0.07177746843917558
ck_d2d4282f9d256b3e,0.003946245115181779
ck_c8f2a1dd8a6141a4,0.0027184081801816676
ck_8d38747058d0aeea,0.813375395290269
ck_3ac528caac74f563,0.03388993034758614
ck_8dbaaa00ad829ca9,0.05881511955765009
ck_7c38ec898f0fc21d,0.00524698239311468
ck_8171ef803f5ff604,0.047171471928851176
ck_01a750db6fc1168a,0.21078805116366794
ck_ceb017baa26e98c8,0.17080078152405057
ck_e2c66c72cc0b0f78,0.12268959486975889
ck_8d9518f64b222416,0.012418358298531853
ck_804c5a1fa5753617,0.029015865319250714
ck_fca7cc9c42695453,0.013108741645618632
ck_3a632cdf2c19051b,0.01646243423340577
ck_b2b63ea65edf1dde,0.06204996431354557
ck_27b07021500ee841,0.03198680236151151
ck_9724718fe64c6557,0.9912688969503657
ck_2786cbc3e75ec034,0.44415536338546563
ck_d9c2622cb6df380b,0.013205046932283103
ck_ae1da8ee98e402a4,0.010026695475509833
ck_62967b91504149f9,0.010579759298431551
ck_6b255bf68709109a,0.009552107103406867
ck_c55afc68421d85e2,0.020242781666518127
ck_7c7266f6ef2a8466,0.05263557091416045
ck_885cf685a9541190,0.8128537245034033
ck_1a4bb7d3d2ee3227,0.026227560735097747
ck_b4911c42f3bff740,0.0017773830421281022
ck_66f9f78d4c6a3edb,0.0377056608282086
ck_49bdba9ee1899dfe,0.051624932394326264
ck_79b235d51718435d,0.022631230568588262
ck_d840db8cfe2ef6f1,0.0021492579738327804
ck_610c7bcc1cd7ecb0,0.016239489877584286
ck_cf49b6544aff6c50,0.7096913669462277
ck_de05f97c3d40dd1b,0.1314004944967941
ck_0302f67d75973dce,0.02204961633375839
ck_54c2604c9ca6256b,0.04776104187278879
ck_a1c88c0568f142d0,0.33791212265998716
ck_5d72ff6cc2963d1a,0.008130821006814216
ck_0446920a1004c596,0.0015693582362947926
ck_71044c29ef071570,0.022489455720187724
ck_2122e9bb1afffef7,0.02545354617216682
ck_d1e3de178601d3c2,0.0490574772943969
ck_bec8324a3587ef04,0.0024564327198394764
ck_b616b6f45225f319,0.29166968925367154
ck_ce1e695884511479,0.05607660789692269
ck_a662b4bf900781e4,0.0008149701356834439
ck_b5a84c5547378c10,0.0018823821412783698
ck_f80af368cfc6cb7e,0.04798948590349891
ck_da3526ab6c5c884a,0.03416807810760977
ck_bd20be9a3392d79b,0.016244888294115134
ck_b8266dcd90cbfa62,0.004512947295476778
ck_ac84b33304362c06,0.030032085157120067
ck_794d8935a895e33f,0.06859473822419282
ck_8fea7d915259f1be,0.009174295605429409
ck_7a1519ad5ff45312,0.0022112567197352818
ck_9bf3ce30b65f75c7,0.24555694671113598
ck_5f864d72d1eead99,0.1883317137671433
ck_3c48e0cfc2a58041,0.8649069733148718
ck_d902183f80cc81fa,0.22917904475184359
ck_539cb0d117db8cd3,0.702178732915498
ck_28f530aec8e77130,0.11903261544559171
ck_e7d903c50d353361,0.04099586479817323
ck_d288b77d1e227970,0.06303237273189452
ck_017208fcc01b5d40,0.019136002471015018
ck_7e3923d278a5106e,0.07922406642028153
ck_9700a00ff9e66216,0.046520602950317916
ck_5c36c78b7a4d138c,0.1920345816963102
ck_c457e9c9224b773d,0.04767715076954887
ck_1dfa91405d7e66bc,0.0060789510242961866
ck_f1d8a2695a575e56,0.009771764246198664
ck_3b92a46daf8d00d2,0.028978732068346155
ck_aab23b5470469649,0.040007123075157386
ck_ecdd01a391610d99,0.011798310834378191
ck_abd3aa292f8edb4d,0.15277837329227728
ck_7fc9a0776e1339e3,0.007675229916952275
ck_c0389ebeb0e65cb8,0.006267534183228914
ck_48d0fc4f6a2109fa,0.9910923653137887
ck_571dee4f3336c7ce,0.10258202403836482
ck_4cedf26628c84f26,0.07174453281788484
ck_63356762d24aab81,0.034626194136954794
ck_2c5bc11bb7ae5d2c,0.9792401055044071
ck_6d26a152f900fee8,0.00771302155768025
ck_c972b0e781efed3b,0.0028131843913603936
ck_fa0ecbcf9a33d6ce,0.004088334276789849
ck_fa3a766e49dc77ae,0.022689598219007807
ck_7baf1e55db0dc558,0.09380070338597843
ck_e8bc49e6494c1f37,0.003960919379408743
ck_8ef1d05cc1e53e7e,0.07745449052355957
ck_cef2a485a77e0723,0.0043447338343492875
ck_228a583f23abff48,0.04136588926916498
ck_ac32c6e374782b27,0.21423825102032718
ck_b9485218cef413f0,0.010905523962519963
ck_7f15503048915d6f,0.005862677798528123
ck_b62f5144db15ad34,0.1371291513309677
ck_917d82c552f95a23,0.017751052719213442
ck_fb4797045077bc6d,0.0022659045873810223
ck_2cf8a44e041217de,0.14302584095199314
ck_b7dd681eb3d2ee38,0.004180417923937726
ck_e9e8cacd2fa35e79,0.061223296862993416
ck_342a79f91de5d1fa,0.21393519371119224
ck_2c91f62c05685ed7,0.0036265950243112343
ck_e30cb64302939f38,0.21912330026494925
ck_d0e95b90ba86da10,0.01719061201336864
ck_1774faf414a5d49d,0.9079486839588568
ck_2401e8ff89e574fd,0.9268183486669148
ck_0cd8802264e0a1ef,0.06747041654522823
ck_da84a0dfe947fd3c,0.007278931709575368
ck_c8affb27ba7fb5db,0.2848584136517859
ck_bc7ece8787ca7200,0.00820562022213997
ck_469a0578d05990c2,0.004649421808265518
ck_eef67f8dea702338,0.40228057508844633
ck_4f490e379e9ded9a,0.004359970701876041
ck_354379de065a8ff8,0.006248506764480728
ck_5db1cb368bc41ac3,0.02176558425125327
ck_9b1c3742dd6fcb8b,0.05503165909424994
ck_63ce4f44c92d7143,0.06589018554853966
ck_e15e3390f5ed45f3,0.03856349154146297
ck_da645ea91d66aa6f,0.7681623825468848
ck_834ca727df855f07,0.30076560289498544
ck_e1d5ad20c737c745,0.23880483649860496
ck_ff8059ae5fa5f1ee,0.0009324615955855905
ck_8bb9e75393954a1f,0.002039642218666636
ck_4e1757d1347ab387,0.9941721176078782
ck_af3f74b1d75a5d95,0.04900366702575902
ck_6b1ab0742ff04c3e,0.18806752362123977
ck_f56073911c9f1ab7,0.005021734072139156
ck_51bd5f69b4fe0b92,0.8458969216384715
ck_fc3d95030b81f416,0.0016798638142907422
ck_cf78169633a1600f,0.0032223756966523855
ck_ad7269eaa65c67f9,0.03539597241048819
ck_cc6d33890d47a6cf,0.05301525467847168
ck_bc8f31f4a2ffa1ae,0.0019058930822085263
ck_720776a46e56dfa8,0.022279532882133607
ck_e2d1f212f259539b,0.014947762303992806
ck_eaf6f7082c3db2bf,0.1415484008836254
ck_773efe58c6278c3c,0.04960875915510074
ck_c4a72c09f2fdacc4,0.02881554432067245
ck_8982888dd6611143,0.002017759453560373
ck_9d5049e195eda029,0.031180262568836714
ck_de58ef6f9fe2b546,0.034137217053760216
ck_c0b50c11e4f5adf7,0.04371145110140369
ck_ddaf228487858bb8,0.19052194387801172
ck_eb2323215ff70362,0.0777950118924378
ck_168c96a1a636ea15,0.047300127389912745
ck_9c46711b14d9eebc,0.004751700162171359
ck_de8af660806b97b5,0.0016218766446500735
ck_6ab83f45bf16eaa6,0.01227270085400943
ck_bf2228a052815840,0.008162116891761417
ck_3f943f20a9da9bff,0.07633939009064902
ck_3baae40454c00938,0.01696932672127498
ck_bc2e771a1d8d2dee,0.11632672138286271
ck_e55f5ca37f30ce8c,0.03424160061627497
ck_4ad5937bef176d89,0.005196229580996569
ck_126531a9126c17c4,0.0023049203531185104
ck_7ec423cb56257516,0.0765349038330563
ck_54748ae0f2daaf10,0.11043514440647165
ck_ff24776280ceeeed,0.0172081419361377
ck_3c3a1a1365741bba,0.007856192861391874
ck_615277c8a4e2b18b,0.0067510319316869925
ck_a96aaef34173aee6,0.3835898352794219
ck_bea56db7f3e930e8,0.004530652721731661
ck_ca491debd3b32a59,0.048002728049598466
ck_d9ea77f4114a389c,0.18253321609879353
ck_322ffda3332d08a2,0.1683825882595044
ck_c40ffefe4e30b001,0.18452442362089208
ck_3b1d7648d4580bef,0.005074917812544824
ck_23981a3261674131,0.025534046567896394
ck_11667f5b9fac7bc7,0.005190042240002878
ck_646bb3c7be5f0817,0.021674173014491663
ck_ebd0a45712dcf07a,0.03293910549109449
ck_baf43bf1bd963f9f,0.20201137402447325
ck_e0ca2c819658f6b6,0.993515552954819
ck_f0d6633d0834fff5,0.10319443058372452
ck_91081be0254878a5,0.0264796057971469
ck_1325000bc7f35b5e,0.004564283308263524
ck_c624b9063400fa3a,0.5502107330386935
ck_0ad6fa0e23c3bd0a,0.6917290620646527
ck_6ddb55b1f23c6cb1,0.009161115067509114
ck_dce1fb3acd65562f,0.007416003920946884
ck_a9aa389688ee5aea,0.022951567429541235
ck_5c5284c45d9ad8bf,0.352354067906414
ck_9ce743dd3e92549c,0.08364360636902081
ck_8342e08cc2f9bcb7,0.011369742690143812
ck_25e551a0a8d2fcc2,0.14112037428733507
ck_d4fd0e438c97e0c7,0.1788970143824696
ck_ac7fe1c344190c50,0.010919099254518522
ck_ddd65711b5651f89,0.003582534786923207
ck_ec7406cb5cbc8f10,0.005513004157988789
ck_1c65e8d5be3b9c60,0.8288596992555011
ck_38ee42f15a573e81,0.050365890077255185
ck_0e5385c70c6de025,0.01380984482844804
ck_d3137f0f7629040b,0.014027622939661238
ck_9129c92c12e0c8b4,0.004439123883481565
ck_c86520a00e50a926,0.28639101227301156
ck_87f82b2b5fee757a,0.02985937800700269
ck_643abfbd7548d0c9,0.0808448962248408
ck_be51f4e5e6b85768,0.4197708275253471
ck_132c16312f37810f,0.010540990199741035
ck_c78c096ca8cb33ac,0.0036115683611667214
ck_2ce5afbc014763b8,0.10386079955955432
ck_50ed8f4e7ae6710f,0.017053798192334706
ck_5a4eb535c9a11993,0.01102669427617515
ck_9b665ef46d785324,0.012511308333899913
ck_e066f71f8b296b7a,0.003729671767865762
ck_560bc6017870ab06,0.004742591811314796
ck_fd78f8a8663646d7,0.01778991412956166
ck_4af5ec61ddbde1a4,0.03212522646547374
ck_c2ed04a9d218410b,0.03146661069727702
ck_2455d43bbdd2bb69,0.021764076439365166
ck_56eed7041add49a1,0.697106914662144
ck_5f0be7b468a72333,0.03367227130778219
ck_19660cec756632ca,0.03117986173683157
ck_fb90408f4892a21f,0.0671463418597406
ck_833a65b86a5d9bda,0.010186306828196193
ck_2ac36e1dff211d38,0.07332230375683986
ck_c00e70606904539a,0.0037649550032672133
ck_ba8affe4b9505a95,0.8247912983331172
ck_0c3dd22587b08018,0.04726751687581247
ck_618c4e5cfae99dcd,0.20098479727687268
ck_c9690baddfc4177e,0.009125526797488674
ck_59fae092fb0c4aa3,0.04339063927126543
ck_e03b7d0fa0b28f4b,0.007722410412118079
ck_d451d24c780b5884,0.015153367443717182
ck_e980d325b8dbb8dd,0.0020603926749487656
ck_cff18e2d8c520272,0.0023871901234313935
ck_a0e46b67e986ab56,0.07193487885629274
ck_3a469039a5b9d963,0.00900131190899631
ck_12cbb211ebd2b437,0.16443776459384501
ck_b8cdd6d6dccc4554,0.0021984786460249855
ck_794ba5921cef50c9,0.07016200235584077
ck_2c7667f64edec2b5,0.011729922757372812
ck_7262b4e0c29c942d,0.04069593005608129
ck_5d818522cbfe2a54,0.0955328389340244
ck_de39c1947fb675ee,0.42009919380562205
ck_c021495606b4735e,0.030516013308221908
ck_1fc03ba33edd9e67,0.12060681075005095
ck_a6fe344bbf67f14b,0.026954827331669273
ck_963762210edc5694,0.1402503694165234
ck_d064428b7e7dc409,0.008717542748173353
ck_59be61b53d971611,0.015320294520310956
ck_ec8738ec663cd2eb,0.010846361396769743
ck_59d086fab5998646,0.03216343775573801
ck_bd32dd3b2cbb7888,0.9940923607022757
ck_ce0166addb93bbad,0.004061905101928316
ck_7c0fdfbb447cdc04,0.02045519972929042
ck_cb1bd7635968ed8c,0.6758744908011036
ck_66f94903177f20eb,0.00934876980973434
ck_1d7cd5dcbcdafd7b,0.8523678673725195
ck_5e418a7c04437b4a,0.15699253908468744
ck_631ea1ae91ab333e,0.0888935301123422
ck_0a8029e79a5ae7ce,0.14930866296183123
ck_c4cca8278bdad9b9,0.0030925457693976206
ck_4dec3df58077a257,0.32745141900684194
ck_609c249edd88c565,0.017165615363438722
ck_02e5f9cbbbf2f078,0.08128548875572483
ck_32e486859130458f,0.7844814704396548
ck_21ed2ea6386c5a07,0.0030499284345624766
ck_1242aa4496576a99,0.008714656772927421
ck_475ea9aa6d3898b7,0.4630049117761097
ck_fe1b1adae3be70a6,0.8664187154717065
ck_c5414d7a8031d4f5,0.004631497637928737
ck_ca1f6f01868e978f,0.06576893230899906
ck_5eff0208c74ec714,0.028085853153002258
ck_a315c9619a317609,0.07068541182191983
ck_2b87683c90acb852,0.06270224266659759
ck_7cd9f39c50748ed0,0.011339655191520283
ck_16a06d58d71935bc,0.5514969845656087
ck_d116e0e7c19b878e,0.974354126771661
ck_931510e384b1d0cb,0.015700327035399936
ck_e7651fb87bb24132,0.009267291492029088
ck_88ef9f85948e1a01,0.004900513747008286
ck_17bf38d51115a8f3,0.005442599985317167
ck_2659d1d3762a2825,0.03430979741657676
ck_a7285955e2852686,0.02627816105673717
ck_f2c33d5b65b321db,0.22797640897281973
ck_83e5979334345622,0.07385235753940127
ck_629537d8b4d0f395,0.00813986436302242
ck_72022008a92c9386,0.03329675769741105
ck_2973b8274f0bf69b,0.06622300157382634
ck_565e3418d2f4061c,0.009219237519232107
ck_54bb53b8f8ea32ae,0.9881661190609051
ck_af0a6540ea7a36b2,0.017567805866690753
ck_888651bfc2c8cf70,0.006927880454263369
ck_1dedcb48ac381a1c,0.6929649195983985
ck_f73273e220296be8,0.04601367401678982
ck_8424bf65223a5a9e,0.007041243001948342
ck_337b930fd149a696,0.011328756362414975
ck_8a4952de8a123ef8,0.01448852651530595
ck_884168153c9c0c81,0.004192283374130933
ck_fdda581aec411010,0.0030319797752659107
ck_2b7cadbc8b180d32,0.975897697054096
ck_8aa8b9968233a1ab,0.009433608317833284
ck_0af18b3ce015d294,0.0039633016685123
ck_8dde670a735d1e90,0.6114677353672664
ck_62f46226f244139f,0.06494598775258409
ck_f948e8a8fdd79b4e,0.030189888981477182
ck_fa00aa0f3e859904,0.05531771197575518
ck_fc7935f784a4f249,0.01629451208088307
ck_e7501307c0698e5b,0.050669741566105854
ck_549ed417f2834cee,0.3126429803740458
ck_fb2a35571ec719d4,0.3556976500554066
ck_25822068c86c856f,0.0015840608635140161
ck_8f35d229b62c8f23,0.026146003952518218
ck_bdcf049c1e7d0c95,0.01512616091648359
ck_0aa9db36eb16422a,0.002538728407394163
ck_42dcf92e9e016922,0.1565474723226451
ck_42341cf31c08c981,0.011057828023189852
ck_0b20bfc515ba42a2,0.05459196360987538
ck_0ec820b670d48098,0.0032462670585463806
ck_1f0bafec397da8e4,0.07933847149775788
ck_82f07504ab59ed33,0.4532662892230221
ck_337b24a474010abb,0.9955054209069072
ck_703703bda38fdcf8,0.10941987936300189
ck_01e7960c63dca3a4,0.9688315109243553
ck_be5bd81e3715cb8f,0.8553623466217757
ck_197f8058cea1fbea,0.002843182367761689
ck_eb3fb1106f2f1b21,0.20111121822763187
ck_658b4b54be09a4bc,0.9877013148359429
ck_266ce7ccf41ccc50,0.02646306738369874
ck_110608c3b03d4038,0.7187918874583508
ck_1be8cb95d6d9bbf8,0.004221765187022207
ck_8e16a64a776afa82,0.41444043683216714
ck_34bd190d37eda534,0.10339709272296412
ck_4f521611ae14ae66,0.008767790451195853
ck_d839798f9520363e,0.4822188215401574
ck_d1bbfd246c0ac9d5,0.06726110553539962
ck_f19030e6e85a6776,0.3334038290927397
ck_cdabe60ab59f9d5a,0.019327334197113265
ck_bb84b2b30293f566,0.7915996303752662
ck_427b91925952cb40,0.02964864175415131
ck_1078b1e155b5b640,0.04735406689724084
ck_95fdc264eac72fa0,0.010643203924946101
ck_e35eb857c61548b2,0.8450623846786184
ck_69bd0b1abea7e1f0,0.33281014516241403
ck_59de511b20c842ba,0.10136890685406143
ck_168e7ea341a36b80,0.007911278556967785
ck_4937cfa6526ea138,0.12533147976093312
ck_bb1a981306b750ac,0.2549611583886926
ck_f42a43e4c3f34ccd,0.006262414950361078
ck_c7ae1d4b3ab38185,0.004291669555987305
ck_bd23cf9bba1dd33f,0.052912362052456724
ck_0fd826fad7ec7cd6,0.2641260859419095
ck_f143641bf3dd0414,0.1533388670508507
ck_ad6d48c20a3688a7,0.0038292410885003795
ck_7bda5b5b927b2905,0.6787933036926196
ck_a337eb38eefdcc88,0.11881447226642085
ck_403da2a2d800df9f,0.6869133655362537
ck_aa01d5aafde73d0a,0.004803472392420498
ck_494954023f0eb309,0.09914075229697658
ck_1c6820fc38135ad9,0.15517582902215032
ck_0e0bab173622db9b,0.09272394658713448
ck_547090bf35a3b243,0.02960069731882193
ck_d69455220b21dc9b,0.007578552690527509
ck_90b4ac695b9c6bf7,0.010479554354293352
ck_8d2afe17c0082e6a,0.10721958310558655
ck_926b81c0ba528eee,0.030818041504796043
ck_ce36b0c287bd198e,0.09669407597102261
ck_8026e017909aaa6c,0.002873398468363045
ck_dfba788f35d4c372,0.019358277409206606
ck_f09f9d0e0886e0c6,0.07089809653950331
ck_4ffe0366df388604,0.058993254867737266
ck_75bb521de55644c7,0.02678317865394954
ck_81a960fddf79ecf1,0.9724596804119265
ck_8f43459991ea511f,0.026093537804620176
ck_f878b68d66fbfd4b,0.005042442296055339
ck_e84abfc0c747c9dd,0.9758486447776451
ck_3ad3fd3cceb56b66,0.9841904638673378
ck_7cf562578c7f158a,0.005502101974613919
ck_f81a97d350397306,0.06312209365708843
ck_255d87b7fb40caa5,0.027627638793999057
ck_b3905153b9eee924,0.037482337849997154
ck_2c80a592fb4cd6a3,0.011822444406401234
ck_57deb202d4188a29,0.01817951410560752
ck_e3cb5f31d8e94448,0.9535259000062434
ck_0db62d5f7f75f80f,0.052000823712801326
ck_ced9163ea85589ea,0.1157817530952006
ck_e16528edc694fb33,0.9819024398927252
ck_78cc5ec4940fec3b,0.010235599627445734
ck_31742076e9a998f8,0.07002709605004623
ck_5ac335f02280271e,0.04740289083750822
ck_7cc2e091806cfa5b,0.131598545758165
ck_3152c7115257f084,0.02353515740196279
ck_ab1b9d019921bca7,0.05044142162691477
ck_c33a762d98f9b290,0.007963252549021057
ck_b16a7c51b6f7a6b1,0.09510701647333927
ck_97402a153348e68f,0.018898223326909252
ck_95391029a21caa24,0.13510833808618108
ck_c2015a1200971fe9,0.028015966296931823
ck_ed4427962c68918c,0.9803289826822346
ck_c5e4a17d3efb19a4,0.7192008672683813
ck_8aec3d3dd51517c2,0.004309524445130752
ck_f5178a658225d8e4,0.010015109113611202
ck_8594f165e95316d2,0.006537223463611847
ck_f0c4aac04076a6dc,0.07421549417252672
ck_ac2f7397801036ef,0.10610724229819898
ck_d1ea4bcc407c7d5e,0.00853216634622736
ck_cce8b6657a538fe0,0.10160081335766344
ck_66d0c6d6b67a8d58,0.010141503365812198
ck_1a6b30320835e57e,0.03930112130299725
ck_8cd274cc85aa35d1,0.1491264612895917
ck_ada46085a78280e4,0.02308045723889358
ck_ce1b06623e4a815e,0.004193004494822471
ck_45e70c8a9686580c,0.39801303886230194
ck_0084d8ab6b1044f3,0.021093461687806132
ck_a5f7b6fed6df2aba,0.2978235073548249
ck_94940d783e7988e6,0.027858193122764496
ck_00f9ca84d1d8ae7a,0.0026882621912340133
ck_0deb56f3f6452818,0.00511847539859417
ck_a58e900469dfc3f0,0.03567404039158019
ck_028c41b195280980,0.02325890032878921
ck_7661d7ceaeb19f97,0.07330759589289734
ck_6957905a65c47879,0.12718870137636612
ck_f7c6c26ef3c4ae06,0.17135163339482468
ck_8777beb11aabd66d,0.024726903981256022
ck_7db098a17374bbf8,0.9565457161714215
ck_66aeb00e44486cda,0.9449291490083636
ck_838c52cc1d315ec3,0.024561257003464492
ck_1745847cd4e5dc83,0.02146877132631047
ck_201687857ec8b3cc,0.07166042478484999
ck_81818169208a8cda,0.04129893184648903
ck_3303fd3f64632c7c,0.38805504040009636
ck_edf1096809e83ef8,0.0014298116160439784
ck_235ce9603c7dccbf,0.26281238995216655
ck_9df7e153868bca13,0.005622025525857148
ck_3cfeade2cf270fee,0.10746146260218363
ck_982b0bf2e2b6c4f7,0.006039027418241671
ck_faeb0da678bb86c0,0.008566297064576145
ck_e86ad2fe815b6ed9,0.03578472456964249
ck_70d69e5d1bb99e85,0.030075368727266297
ck_7e9a8924eab779e6,0.9798006544765536
ck_019d5891103e7da3,0.01984075219120548
ck_14f0484b3817eda5,0.004057355326533876
ck_85de63d278f0fbae,0.003260657839340074
ck_ae91b4cff57fb3bf,0.03417250472328515
ck_2a6d43b9f883b78e,0.8853945028411169
ck_7a4e3d553e8ab5b7,0.4143763757785185
ck_fdf89dc69f700f84,0.5246659789065129
ck_f92e04024bf13558,0.0021775828379531435
ck_4a522ca2dc4831a0,0.0015846700605478417
ck_68ba25dc3385fea1,0.030011551423255574
ck_22128a4f0d033422,0.045723896341953396
ck_5b52ee0a13c71590,0.05043378306445352
ck_59472d17debedafc,0.03397782181673978
ck_9dde2c63acda3ba3,0.022078173861565447
ck_7510b1023cd08531,0.010528976813395595
ck_071ddaaf2e4e3671,0.023426523157176027
ck_1355db6f4010232a,0.010478060839613655
ck_0a7adc2f27f98510,0.24872420021821817
ck_68250033717cd59e,0.0024578817663432236
ck_7c12de74de30b788,0.8386841213304842
ck_65491367584c730c,0.046872400286917776
ck_e9047964952bee70,0.1246132951415757
ck_5567779d6ba184eb,0.027499892624617425
ck_d6ea026357ec6477,0.044039599406746344
ck_cd7dcc884e283746,0.11854099920924871
ck_0bd77fea8ed75a15,0.07565758460243999
ck_e80883208e8d0453,0.03341392855687816
ck_2ad0ecbacd5acf8e,0.9817585491656169
ck_6c1dbee7e8fdd5c8,0.021422794977824337
ck_ee4d9a7449515908,0.007830931922130547
ck_636111f7f030496c,0.0029105938493767724
ck_2c629c657f73941f,0.035916492128174674
ck_c1c9d3842d758420,0.42384769877313894
ck_e4df7faacdfe8c40,0.055431415987769
ck_94e8142728e44380,0.11437845293070435
ck_765aaf42c5088545,0.02614849294122396
ck_e0f845159b6e6a4a,0.038149976083578556
ck_5bc07deb82edbad7,0.010304881374238486
ck_713159c5c6a7a4d0,0.9958028729432753
ck_b08afc91d9ca55db,0.10313449638493574
ck_a7bc323ffed2ea97,0.7574382332412255
ck_85ca825f905a34a1,0.08948218560491801
ck_33160c443d4b3f19,0.01572740868966346
ck_832d39c590a3ca75,0.9513263451468239
ck_7d1661a34164406e,0.9777003517328063
ck_c2466fc40fc9d5ed,0.9918415132603235
ck_ed0e776c0926ce67,0.20804212751893209
ck_cdd2ebeec75bfa69,0.5771426533973602
ck_d7877684c7923ec3,0.006649435367342057
ck_7384d4d2406aabf4,0.049779715604962416
ck_b8e5244e650aa81b,0.08379503019918619
ck_25a1ea40b2d59254,0.0040199452595639906
ck_b9e5b318ee4de68d,0.011782934136292665
ck_620d7ae27af83cea,0.01652845927013413
ck_40b4e264d1a12b83,0.9297615894579889
ck_b694c803b62862b3,0.012900007402001373
ck_cbeca201dbade3e5,0.02151545051748555
ck_f9b439c9161c3e52,0.021003127847614555
ck_9880410fcd10a28e,0.005059081008169816
ck_74928f5f91aa12b2,0.1376653260376269
ck_b6673bbe61d2680d,0.1330543161112132
ck_53c8315b5c30acb4,0.009169318181504685
ck_78f01d78ea79642f,0.03341969958100874
ck_8582490d6e365a63,0.02450370376804643
ck_af25c72d16299258,0.003280227191880338
ck_7905fe8e257b0449,0.28320774756707406
ck_0d16d9349e4a9e08,0.11831693865930326
ck_31b16b8848584e98,0.08482471183570495
ck_67207e3eecc02d76,0.14548706630277414
ck_e6b95ff91116a592,0.0085377462381419
ck_c08f622bcd6de6e7,0.09797170665736676
ck_f9a68da9e0f0bc85,0.013144679442983948
ck_4072b59388976896,0.015287526756415072
ck_8ec86e853ad52828,0.2882140437176688
ck_4fecb87eaffd5cb5,0.0033528037429171203
ck_d6880578428b965e,0.5607190735241885
ck_bfc82b3c1c9f2897,0.9488492776451947
ck_c340644176ca03e7,0.0497607580895117
ck_321e740066fb05c3,0.9017404666841314
ck_8929d2eb09872052,0.28820481195564374
ck_205c107cec528414,0.6109661430690516
ck_e76db7d2562f9836,0.040059256793210006
ck_9ede51c8434cff6e,0.06857332084909831
ck_492e4b89c61b7b6c,0.013557257329502328
ck_9385f5a1eeebefcd,0.1737575999639413
ck_ee52c7bf88f952ab,0.02893524134801925
ck_d8116c34302021d7,0.0031054790634488343
ck_01645ea51972e99a,0.04957590682372591
ck_7b45ed23304a854b,0.037476516066921525
ck_2096d32f3d497ea1,0.5463030955194047
ck_dfbb2056f1ef7d3b,0.055056921699703984
ck_938ce30c864bc7df,0.0009795584327383475
ck_ff30dda2c881a4bd,0.9584641743515754
ck_f88c79186a082beb,0.022311559059074795
ck_08c7bb0f9851cb76,0.4107090658759014
ck_2675e7a008e584a7,0.10303968920800324
ck_cbaf8a954281d4e3,0.9850406196396199
ck_8b24eadf6c72b30c,0.9330718462415537
ck_ffc8e3c1377d0706,0.0031093642546782103
ck_5b59e859bed5b40e,0.05847162732337999
ck_7b61717f172f9317,0.9793042522156443
ck_e5c30947b732f661,0.09642393272914787
ck_bc273f3ce79f7e1a,0.009584931822989251
ck_f69e93388b3028cb,0.5638012091590208
ck_3837ad850996ba60,0.04100663483804483
ck_36d78ff3bc033ee5,0.08803153853364543
ck_5e20953547ba4135,0.4157554603143828
ck_258d661e450ac870,0.009009046913453146
ck_1df66f537496ca59,0.2413633018537509
ck_361f535599110201,0.018222102440527264
ck_337e98c69f6e7886,0.014872926908968792
ck_d3d5b2717cfc3913,0.19912200849416123
ck_b1dba768dbe7affe,0.052405355990317794
ck_92d782bd9ce0d1e3,0.07569556877110958
ck_26bd0f8898afc8ba,0.0030376919353523268
ck_7916e53daab36745,0.10517698848375705
ck_2caf553b31831a50,0.021548426813942163
ck_c6200734c7f9b2f9,0.9655719579246729
ck_cdc55623cb16e6a9,0.016052006917013317
ck_57849e15b61c43b4,0.00425556357665987
ck_b7af9b2ee0eebbc6,0.188491663508289
ck_00aa5fc3b3bc66aa,0.243778840699229
ck_9929723f65636c7f,0.9910059962269293
ck_8f6cce9f69912983,0.013608114079189142
ck_c422ba389ff00781,0.0017875201381237372
ck_9ec7f334604a228f,0.04351767247486782
ck_5d01200ba3341462,0.012038339474379598
ck_2bf10be403849c9a,0.021469402868582333
ck_6ca018259f70858f,0.008766417537793104
ck_a54dc042ebb7c766,0.580737013312985
ck_79da63fc100830b5,0.15806820003380387
ck_67ab6f9e05c85085,0.07480734040767842
ck_fa80da579ea9afc0,0.025544341998792547
ck_4339f86c87289222,0.8601515450103131
ck_a2299b4f530be0d6,0.8863045610812479
ck_19db0bf788697c2b,0.03134407707995456
ck_fa4211c4d826d830,0.00342615660954275
ck_96100d5e8e051e91,0.019502758830547886
ck_5c3a671883d58b3f,0.0007490359685297606
ck_2d9524787cfe1ab3,0.791883462637549
ck_47ab8e51e5b3a2d8,0.0047815652836097015
ck_c924f36bc1bbbaa3,0.00985249521857574
ck_5c58e7f8fd55e26c,0.004081385723599272
ck_a07e7409d6d5aa06,0.02573076636574052
ck_c8413898f5f7cb7d,0.10096406691130003
ck_577c816b41cab002,0.9666867642607341
ck_9f7807ed64cdb728,0.5592155924559697
ck_495d814d6d6d521e,0.002903790084923275
ck_7aa8bc018c2b003b,0.00603116299938395
ck_7c3a6a82f3c3241d,0.03931536565240142
ck_487f7fbc290e4ae2,0.010335095680973263
ck_e556c4d36aadbe03,0.0030082028108629356
ck_7e6569a1b2455cb0,0.0018504629925220374
ck_de2924955926d046,0.08464919363050807
ck_73d60b4630e3937a,0.005098192053231371
ck_805ee564bd35ef15,0.08719450134963025
ck_0d40961e47797027,0.0050322855016452514
ck_f06d00a4f9c87d80,0.002617881332994392
ck_5ef50fb07b6737d5,0.046574579892502826
ck_16541fc15683e21c,0.015146392901845367
ck_09fd43f1b7e2eca2,0.004207684568559642
ck_2a2c336a69b8d68d,0.058296719463296634
ck_2685f38930866af0,0.11126035317650387
ck_298278a9da874437,0.004047763797576128
ck_00bd7803f2530c68,0.06275689969110168
ck_c2b4a1d8c0b6c1cd,0.0076677922245864845
ck_2acb54ca20c3af6c,0.18810939737052992
ck_e3d4b6f681c783ab,0.2756165320856132
ck_f90293f1eba5d7b6,0.13686708470362768
ck_e69d27e8965df0be,0.003953384510615985
ck_b7f5d10b427346ad,0.011723644284607208
ck_1ce20e4223a936b1,0.009083076918696526
ck_6b97d1ab90f6bdeb,0.09801123100598824
ck_e30e17db5473c7b2,0.01230878388160669
ck_154c8efb19dee665,0.005242253531440909
ck_6f5bb0c930644cae,0.9956526690598084
ck_9e17699baa83d173,0.003298411017811504
ck_9693b1eb70880205,0.016651422204280817
ck_1e97899875bb427b,0.027282959718858628
ck_558a82590f65df69,0.004270087868980413
ck_18df83242ff3cdbb,0.1870899950923768
ck_80ad4396e1084c68,0.3045154414348927
ck_0a993bc947bab61f,0.07665885453451098
ck_5c2d43ff841632f9,0.010127577082206018
ck_6e4b99fb9725d9fa,0.04509995883847663
ck_e0983999ca26c19e,0.3465701752676024
ck_6573c4947cc8607e,0.11046012568295306
ck_d879d645d6e44207,0.057296473477185396
ck_1375ad9f10688e4a,0.008247866621846891
ck_7501ebbf4e21f160,0.024190118342052123
ck_ca60d61cd4dc3bea,0.003519090433474279
ck_ab9ea095a5c58b4b,0.01473881656859693
ck_23756522b58df5d8,0.005267979950449149
ck_90bc176c43d85fd5,0.519421584655744
ck_908b663b2dda94ad,0.05813387972834273
ck_4df2fb8e4b649e27,0.013192457883282627
ck_5615c6bbdef05291,0.3968067840176628
ck_b62f3e3185251f71,0.0016128189456029425
ck_38d1a22850178f33,0.0067128280586780205
ck_5b3ba20c8bb1383b,0.024820063278592285
ck_5576ffc6aaf6f22c,0.0025050724091586064
ck_cf7a022178165e56,0.007094670411180712
ck_f2c7a4c50e2ede96,0.018791026764851095
ck_285719c77eadf915,0.003396791118493162
ck_f2aa1b677619ab19,0.012044559045273389
ck_3830c58d841e9e69,0.9004598624684262
ck_32eba3510c8eac5e,0.005696122797906791
ck_8955d7b9030d5eb5,0.001474684260020302
ck_6775e387dace7525,0.34292353669233777
ck_0a0cd7f4be606a93,0.10267947903906022
ck_a9f700eee5d638df,0.012257313153559022
ck_3d7db96995745472,0.021597503163583866
ck_aeed557007d52e9c,0.0048513187450041325
ck_79b6a86830156b5a,0.01981767980436426
ck_6a1ff9d69466181c,0.9945421177612332
ck_f11b1565f986f5e3,0.05844113516555341
ck_4819327a78615485,0.004632651731440129
ck_3ed9e081959b2f5c,0.015422971125973167
ck_16af4be191c47d3d,0.0017852787518885605
ck_25122cc0e8b1a662,0.2678626048021355
ck_509c22828d467ba3,0.13410691600022584
ck_31109c899336348d,0.009006504968972324
ck_c51131e53baa59c7,0.0014466316290492778
ck_cf8ecabbc61d3e11,0.02198630336677445
ck_eb6baff0f85ba936,0.023756717609380598
ck_777669e2243204f2,0.9648964240184947
ck_ac0ea27e692acdc9,0.05523100257640062
ck_4c6ea04ce8ca9e2c,0.004113298642190317
ck_ca54b32fca7e94cd,0.008560582554484471
ck_4dfd8947f540eb24,0.007357574222574331
ck_95aff1fe27fb24bb,0.06140835089861675
ck_c7550723b90e5615,0.006453355318495016
ck_57b3fee69bdf85e8,0.007327855246628224
ck_f823407ace7ff064,0.2516702441347749
ck_a69084a068bcc8aa,0.2895029589387784
ck_c7b17f7b24bef5d7,0.05518290698316357
ck_7c4e588f927c27c8,0.043717808576287855
ck_77fdac602d0c6f95,0.1811121387304394
ck_e963d8525018d072,0.024456098599632305
ck_6e8ebaea8f7bffaf,0.0025547798367170508
ck_aa42976a31cb7770,0.02504598792902886
ck_22c862a496008c96,0.9960774532606427
ck_527550dd15f38782,0.06578096026584121
ck_b3ab3c210e2c7c19,0.09460108144130655
ck_ed9c56fdb9f45ddc,0.7939908701938885
ck_b53281da70defcfa,0.04717413451724266
ck_03009b721568ee98,0.05766482266355257
ck_3d9afd862b3f4053,0.6963837803582504
ck_ad3c4be96599554a,0.014783917520892628
ck_d1c787c27d50af49,0.14538316847781865
ck_c7a9c7b2eef46a99,0.005833810001198869
ck_53036d3c6c74446c,0.771878887715824
ck_1b1efbd9c0964c8d,0.02549235019365245
ck_d66f42a269d5c1ed,0.18045104482806396
ck_fefc49a2b8ad993e,0.013919361620804852
ck_8b3b874249adece9,0.10340820907282332
ck_193d9c87ad3f1dad,0.006136155739610755
ck_0c6a50d747593b7b,0.030720129028724383
ck_c830f3830875b47a,0.13232064091872356
ck_79e202f06d8dfe42,0.06476362093680788
ck_5c0fe988b8aa7fcb,0.4003330833155134
ck_a8382d8345f21e1e,0.003897468598127516
ck_8cb20053914692d0,0.1657184794501778
ck_1da2f69023ca4c13,0.0036070786573706754
ck_38abb60995114f8f,0.09914583269698979
ck_f5791fd8fd8fd191,0.12117542971503042
ck_a4e6fc391b674335,0.6638199485917922
ck_bd771efb4a7e15d0,0.016919703858384316
ck_38ba4a6b6a292054,0.17052305489264263
ck_f7a07283345a0dce,0.007161223379918249
ck_87dc484baaf5a23a,0.0033533754287469386
ck_c84ef83489badbfd,0.1504200483319388
ck_a397cd64ec5d644b,0.00789035923972723
ck_7977135c2ff61e92,0.008431690059281016
ck_52174855b243a8b0,0.22456225238315208
ck_0f35e930d0614613,0.981853568640356
ck_b170a7db522a0d6f,0.026416421720807447
ck_7af748a23775bd54,0.1839073474529983
ck_52f641c9ee6fda70,0.007520852402865743
ck_c3719a30414bbb4d,0.05930885961229211
ck_2baf214ad6bc0dbf,0.1253600544026996
ck_8b39d8aacfdd72b4,0.01021763698730024
ck_d39b0152116203be,0.04100410704301037
ck_ed33f8a937f9c7c8,0.05219215028494846
ck_8ef97b55a5fd6ec9,0.002679015447918917
ck_8247f008a14bd1a2,0.004203577397655813
ck_f0d349d68249d5db,0.0038336407381678937
ck_a544e766540861fc,0.013575944037452145
ck_9dfaca4c7c80b10d,0.30977145131334977
ck_7e5401c362b2216a,0.0009277831257804498
ck_64ff60c073fdb6db,0.05408411986508384
ck_fc5ea49518e5d637,0.009012126800228011
ck_580f136ced341298,0.005341138470183296
ck_9cbef9bc95449dca,0.014413372578573934
ck_e475a3b8ba870a7e,0.008342594988025883
ck_97e94708bcf43563,0.021322493911375612
ck_13f03ec785cbdae1,0.0024024002782227177
ck_152820d8817f478c,0.01585348336666871
ck_d20d4ba60eec9945,0.013246976273526776
ck_5c45968a805132e0,0.057208666761786105
ck_bebea2cf3063fb24,0.026792665994558314
ck_c3c69aefe7ea1d2f,0.17127884995425807
ck_02028b72f26fe855,0.016564684252046387
ck_dfadff70a58a9133,0.001732057048241548
ck_6482ed4491bedcaf,0.010182931991991873
ck_754cd7b4a5ae3f94,0.04458771177652982
ck_3132857aec8485bc,0.0026851883452149567
ck_7ce4ca91b8f9f1c1,0.006760434167204595
ck_41938582f4351772,0.008141339546712437
ck_f87d66946252476c,0.6078429875126411
ck_8053f1879a9b4e43,0.0037534301801013022
ck_93892e91387f5103,0.03444849980979508
ck_15254db133b28371,0.028492206336581838
ck_d557b9feb241b3ec,0.009565227253815265
ck_71c3a8e4c12c989f,0.013230680267864356
ck_80e3041811033443,0.060565344600782084
ck_3380d60067b4634b,0.0026597295669563955
ck_a9c2cdc758df8510,0.22205393288967903
ck_3c0031d7514da17b,0.04329920792381331
ck_18d214b1418be39d,0.006184473234271995
ck_7ce768407fd48321,0.054162821733115804
ck_7a50abd42298133b,0.015285638144974991
ck_2db10f987d137582,0.08747153713491178
ck_e077d004cd1d80ae,0.018200044586810377
ck_1cb6dc67f9a321b5,0.08591085127053615
ck_b864f64101149c35,0.5640401346789179
ck_9bedf54df9418e4a,0.01356724184606353
ck_c47e32c47f0e6578,0.5010623324782117
ck_71f382d5e338daa3,0.005466864278742636
ck_14b4bf7be6ac2b61,0.306177635925876
ck_5c87eea1cc07cc92,0.09661814884422779
ck_5f445182829ef342,0.22419717813651135
ck_a5d7311291caaa54,0.008941121928413042
ck_b7df99aecef385e6,0.1086420354608815
ck_3327a0582407068b,0.10065290887062454
ck_08dba09fd7dab896,0.029730027242604488
ck_f4ec334be5266378,0.006305249908317854
ck_240f7f894c5a86e7,0.007415850350504674
ck_a9d994554fc14a02,0.0008967410681590108
ck_13648cbd306eee6d,0.018052614784426917
ck_601edf9105b3c321,0.992822535487228
ck_9527adac182abe57,0.8863750684213061
ck_4e0e80f5cc271bf7,0.003961451386943688
ck_96a89e720176b389,0.1839334606161089
ck_63560eec94b76d2f,0.02287718412065403
ck_c9c99e5b19aeced8,0.0099484235276508
ck_bc32655ee5ed643e,0.08639890378717577
ck_edccb5a93b741744,0.005263673274103835
ck_f786cbc987b70930,0.00797468691879353
ck_0e8f26536ccc8947,0.059865365821722395
ck_b87ef4b98cfcec4c,0.11272925585490332
ck_1a9235812de4b2c1,0.0178647987583777
ck_d1ed88ea4211ba4d,0.008021080462621271
ck_a4ddac49657a4450,0.00962179638031647
ck_d9ffca35188e49d8,0.06644388284479885
ck_3db73bbe03c3d240,0.0036064030733760515
ck_fffa0622344a36ab,0.006897898797539775
ck_148c28df51bba5e9,0.9338351374624458
ck_076cbc25c8f15fc3,0.9866599757084744
ck_e5ca550b39ed45bf,0.8274019645581494
ck_8dacf3a2061ca17d,0.13048346047824477
ck_2d7394afd61643d0,0.001459957269796603
ck_e42206e91f6a1752,0.005913852989703097
ck_2f4f94827984c426,0.07412928826233518
ck_edfe8e90e8f4366e,0.007101451704273938
ck_646b15f753e5e9c6,0.14109251012116247
ck_66600620149c8799,0.005846545652372085
ck_4ff6fc70bccfba96,0.26358117240634704
ck_41af3729590c2484,0.026043994581462792
ck_920a48ba8c583e96,0.003975263828769166
ck_0253b3e7be021306,0.0019780143795547337
ck_2ae6949246ea2648,0.041406872376419074
ck_db23a5100f338d72,0.08436828601097986
ck_fcb2a559474c3493,0.0489989737031883
ck_0a4d7acd2a53cbbd,0.013336034464964163
ck_c5d62b2b7a6f3bac,0.98100354952668
ck_cf59f4fc0ea690b2,0.008533022067908317
ck_837be8126bb19250,0.005433545799660216
ck_58955542edee1adc,0.007971088248185192
ck_1b93381d8eea58d1,0.02006244886746114
ck_97b8e05d62abdc14,0.20223989221563377
ck_71a0d645744302a3,0.05885874943431468
ck_a7b57882ab66b111,0.004751588923819968
ck_65f76421be648549,0.04549543176870238
ck_b53ea8713d32ca7c,0.02991003354880199
ck_991c4c924a1d85ff,0.7535192682450728
ck_8432ccec1a4ec7fd,0.9896771489644025
ck_64c1633297f43788,0.010872970819470732
ck_4291fd9c1161d8e1,0.07577931903271205
ck_5e98ed6391d9f429,0.05433956865842422
ck_c7baebe4549fdbb4,0.15173032556384272
ck_6e67225ba59fa5ae,0.35718753614140913
ck_719602def4d35fe0,0.04004805637915472
ck_bdee7c86f5ebe81f,0.026323987404997435
ck_8de38f8c7f91961f,0.14574003395094987
ck_b0b5bf9254700402,0.019143904870831514
ck_7b55d9bb1a250d4f,0.3369615116537557
ck_3954b7b0fd1d6614,0.0016067878199061054
ck_f29471fe7c818d6a,0.021701857361998783
ck_9e65a8a2f587691a,0.01608898399365653
ck_eaec5f1a83b66eb0,0.6464845030783903
ck_004fe0daecbe2c1a,0.9076747584136693
ck_d17653a4a2d4a79e,0.10102551749027851
ck_0dd417fcbf19e424,0.08023943859944876
ck_4c99a6eadea143e2,0.5927683948373632
ck_74d602c907ee9119,0.002775902624073045
ck_1aa87cb62acc0ac6,0.08498194222752034
ck_094974d75e29fb2f,0.3741531578887637
ck_5ef935ac3d4d3332,0.03596617739975087
ck_b26e4ae47c9107ed,0.4186165856283024
ck_396cea6f95186ad2,0.0428792940489035
ck_48446a9e8184c7d4,0.010851181282955655
ck_31e1ede23247d56b,0.2647631605935892
ck_7afefa349b960a3e,0.017063103250711337
ck_f5e02a3432571b20,0.1562191294685481
ck_64eefec062592c43,0.014610695102130781
ck_a1201284122c141f,0.10320479200430871
ck_1b34c420a4c85a95,0.017042203137024724
ck_d637a011332ba67a,0.02327319176592051
ck_99c0004d8b7079f8,0.0065787497218726
ck_948517bad569b40f,0.2364515824697198
ck_a28d6b1601b472a6,0.1646909749257751
ck_a0b4209feb31f5c0,0.9963904051297366
ck_d6d2c1f6dfc455b6,0.8747699068224104
ck_3f9e6d356d3dd3cf,0.0026936308283241847
ck_d08e00c842b75176,0.04322256543811881
ck_bfdd232a7c5f2660,0.16742322656600817
ck_2cdad03ed069438c,0.0523484104206784
ck_42317c3eabd0a285,0.9204712110983608
ck_3eb73e56751c704d,0.035090792280960854
ck_ef33c04f4c9e3758,0.14384887940389868
ck_1dc23dc870f1773d,0.07646218557558314
ck_76091f357974a152,0.06043796077264313
ck_4d9eb75e8eee90fd,0.21854051242539455
ck_578f67e69e5d2cfd,0.0051225942027761425
ck_3a8ce1cc724229b8,0.004050593345973574
ck_a96887f841e80fc1,0.04005347387360695
ck_d2d4a8f4a9f2c33f,0.008198572163186745
ck_11f85bc705dbe036,0.12916094341539874
ck_7429b3f87528e335,0.008348990365533177
ck_26df74feac7ec51d,0.04114547554280182
ck_c78b2638fadd91ab,0.027142571547269442
ck_7eaad325abe3b50c,0.003606193410604659
ck_fd44e34af620e606,0.14610223964938474
ck_f99738dff854e25f,0.004461548788860996
ck_1ffbce3a239bb264,0.009223446789763518
ck_96c7d52ba0a766ef,0.10767426806776245
ck_cb1c00c300af3f9e,0.4490493189779995
ck_ec3d12848ced99f2,0.014885924169022671
ck_26cfd7c3c6c7bf69,0.06607018945788083
ck_7ae86b5a885affc3,0.8524521909878703
ck_3edaa94d28cd48ea,0.04634656973248384
ck_3209c530c9812e39,0.025749710519966593
ck_ea62ebfc1f04b49a,0.010715095372132761
ck_5fc90b4668ea81bf,0.043324917477758206
ck_95654593cdebd141,0.0031840965565056814
ck_958c0bd61820147f,0.07147714278662082
ck_8440ef1386c07194,0.007923647753428261
ck_8cd1b68dd74b1375,0.4594485044106136
ck_c9eb4df91ff07f2c,0.11290473276131274
ck_c29489366c01fe65,0.9861406984728891
ck_c965fd6bec0f0ecd,0.22928836658389476
ck_84c402b23766e1f2,0.03271698263730127
ck_181f3dae03b87136,0.0795992730902253
ck_022a8ae79eb28cf6,0.9813397955054157
ck_469c17407d17b706,0.061596699538780345
ck_1fcc5843f39148a9,0.016584364474428983
ck_5debd55f361b2ddf,0.004310093654084293
ck_28cb9b03e89263f1,0.0028222831446701236
ck_f067470743d3c7a2,0.1328441765170854
ck_d5d225ce41a1a762,0.021020268817680595
ck_15b4840922195ffd,0.014711636596188668
ck_6bcfa37c717f19f1,0.07106529486639604
ck_8d501a0386c66be8,0.5835690848804463
ck_1a9d6190c57ea7e2,0.8282490918820131
ck_c49832eabdac5bb7,0.005612011936918064
ck_b4331140b2e0d4aa,0.006900660178097507
ck_5efbea1befdefe1b,0.5346655955339552
ck_72ff52c4824072ce,0.1326036038041827
ck_ec3715add8bbb6e9,0.0012939887990966866
ck_9822f8ed05335741,0.009923750474623374
ck_c3d7d3d12a1981a3,0.0272527606704438
ck_a115a7919ac5875a,0.15514857921470804
ck_4dd4ed23e0b927b7,0.6361394006325816
ck_4c76efcc1ee6762d,0.05824867217790681
ck_3ad6e7bf452c9b21,0.06232654144540562
ck_dcbab304b55a42c7,0.04165100889994653
ck_24b53090faf722cf,0.025475011129506453
ck_187317383400491d,0.011909124640248292
ck_e07fd57565c94c28,0.17996805457348589
ck_740e760fdcd27835,0.021020933309383785
ck_d3796aebda1cfed5,0.9634469618792828
ck_e541967c681cb929,0.1906539870395427
ck_431118050b834dcb,0.0014285229009198795
ck_90f3655f0c8a0074,0.002559737154443135
ck_13cd943777651aac,0.026532934512490232
ck_66accecabf3901c0,0.07806513242878492
ck_937f0da2306b2eb9,0.005225307281945537
ck_105b0c93573fd5b7,0.9560443717304228
ck_00480407160e0743,0.012768868980752272
ck_e032068be7b77d15,0.21076904312847958
ck_991b7dfd69098320,0.006943531496670286
ck_37d47cf0f34574a2,0.005567060219395365
ck_011551a596544f5d,0.0034310454898011343
ck_9acd98f4fe2d474e,0.7045655722941367
ck_7c88d3d377bb61bb,0.20334556611014692
ck_e2374c7136c964fd,0.10599931115644085
ck_2fa8f2577116e9ca,0.14360584999183063
ck_d07c5b0321c685ea,0.8740412176798874
ck_bc736114a31088a7,0.05535873928477446
ck_32bb42f9bff197f8,0.008982684549336588
ck_66267bbad1f1415f,0.9873480180604097
ck_19988702ccd79201,0.018911568454786344
ck_f473a03fbcdbc4b0,0.009369189167880666
ck_e3f1d85fa5d49396,0.06161883867656319
ck_c4402ea6291df271,0.026254522522944836
ck_243bd5ca8c4ae5d0,0.009946151289615025
ck_f271e855925e8d6b,0.4266468216147302
ck_e424148c6f2223df,0.005661707353096273
ck_e4d0a9e1102a58b5,0.007845984183596243
ck_91c2a5fe69b9b1d1,0.04860925190509128
ck_5fd8924732fe403e,0.6737555663083974
ck_9a881d5433126ada,0.017250162551506472
ck_73cab88b29c7845d,0.14542874062464306
ck_5b5dea6476d4e182,0.03918564178950663
ck_ccccb17d2ca6ce94,0.27252489649586836
ck_cd1dc68e441222b1,0.991922481485127
ck_8312c49b1431a406,0.019779175391669554
ck_25fea39897f2a559,0.02047666749947022
ck_f56200205280bddf,0.29579783456717856
ck_7336611650dcc088,0.07300178100285656
ck_590716322ff147ae,0.06784848180029909
ck_c82364d87875a1a1,0.050871716017285476
ck_fa4b60387d744fc5,0.003352954232437384
ck_d841eba8906e9a15,0.00833306356121513
ck_d6df562a79b9d0d9,0.02153218197321132
ck_59a14d2564193101,0.007726508360632794
ck_8530158e3d7f59e7,0.008994778741731865
ck_ac68d707006c12a8,0.03422777361909915
ck_976fac1bb3dd8c58,0.0641338029165143
ck_f854fba8f4adae3d,0.3061999849601757
ck_b98e9c3ec6e7d1e7,0.026073578096350053
ck_803c0b4cf9d4bc1d,0.04650619451456383
ck_76997a33c3ea5107,0.0016193468865567905
ck_f1a9d832b700bda1,0.9849154935730542
ck_2bd96ddb8c323d63,0.9888698073618957
ck_9e5b7acf51b1b743,0.21256585042195397
ck_09169f22194fd6aa,0.11940001539656135
ck_6d69e092f9b0848b,0.019564175332364705
ck_9f83fa5a2d3b9049,0.041956842580260466
ck_57bbb19eecb4b87c,0.011973408973904656
ck_e0e9cfabb979f428,0.02035070366600017
ck_b1ff9edc51d42f97,0.010199415305000521
ck_4682fad271d47eb0,0.9808391988687523
ck_ab33fb754c818ae3,0.05921688470274884
ck_b456f62b80e21557,0.0025150671835829754
ck_16340be3f2a7fffd,0.004758335672186137
ck_ce66831f6611014c,0.04041857811634596
ck_4610a073bb54d1b1,0.029803189496493236
ck_fd038a7d33a9d6e5,0.009731304405490186
ck_c8198cb4c461304f,0.10581800497370071
ck_1e7de58822000dea,0.003882293381278792
ck_b2a79dd3df560f14,0.1486654051725797
ck_74a06f347b32347f,0.028146484130044284
ck_c6fdb2972417c9bd,0.03312230649263073
ck_d7607a213b800bfb,0.24884947521908513
ck_df65967b8b40319c,0.0056059793601632
ck_329a73dbd585ee09,0.006786068773747653
ck_74991a9e85c3b07d,0.039848615586588525
ck_bb76609b79e0bc9f,0.01829543135817702
ck_f7fc1bd0b9ab1fa4,0.028817407002196205
ck_d111c98b36bdb791,0.010981125072734913
ck_f07e27d125497b66,0.02193487720809957
ck_093e3a7134e11d6b,0.037400731444083846
ck_862c7953bdea48b0,0.025618682431940463
ck_392cf2cdd515c34d,0.009908740529681062
ck_80eb91b0b4001084,0.21753550976569622
ck_5923f53b77193a58,0.4075218786578573
ck_8049f5fce32be185,0.8319840266742792
ck_ebc5a2c6cf88e252,0.2155437237600335
ck_9ea5872f14cce338,0.08156523146488928
ck_f7fbc95ebf584379,0.025857125492373408
ck_bafe82c870356706,0.9902287641965658
ck_278b36c5932d9bff,0.00966901864598873
ck_6a892dd5d05c1649,0.012026104493692645
ck_0734fd90b2cabd43,0.03712360942796927
ck_9b552204498b6762,0.056478875993779515
ck_f6c909c205767956,0.053903409349052196
ck_32f590e87bc3d715,0.002122219160819613
ck_66a8325f28be7562,0.004031156080956674
ck_b129261da9c3c3c9,0.0011528004902891865
ck_a524071c51ddde20,0.020908280768257563
ck_ba576d6d4cb6130b,0.5562777473802968
ck_8d8226520722af78,0.149925107417106
ck_c5b0f0d4f1655a20,0.07693141689825847
ck_61814ae9b6d8eab1,0.008635982124207384
ck_382ebf136f7fa337,0.5135901826770198
ck_423ff4ede6a9f066,0.04510270788256918
ck_546ad962d04b7de4,0.9800155494538667
ck_9473ea4a01c95f9a,0.10060618733675522
ck_9eb1da8cd35a50ce,0.017355271840053282
ck_de5eaa2cdbcb67ff,0.3157830414522947
ck_537cc97d0398c922,0.2734919696552784
ck_998475a2e4dfad4e,0.0229050622586953
ck_e62eb708d2688fae,0.04840659928692879
ck_ea623358f704daa7,0.2815810523684781
ck_b911a09f328dfd4b,0.0032905469081101796
ck_4b3506b624e5193c,0.2039080630218593
ck_448456f96788713b,0.10294351819331893
ck_5d5ef9e75f65d076,0.0386701528881621
ck_3b74512f774a6e5a,0.005331456387621062
ck_a032e8ac1507c6df,0.9243388355715351
ck_7e2d6b22a0ae20c2,0.2727487175458624
ck_d80283209c963f11,0.02485110432647222
ck_d1157eade2ac3975,0.07168415557160318
ck_be48f583f79427f7,0.049778667161456236
ck_0027b5d4107d65d8,0.20410931252900444
ck_94fff69584dd3b2a,0.03295453397313097
ck_75fcda73f0b43557,0.054339427325207336
ck_a1c78972e4ee4082,0.08901891261283458
ck_f0982bbdbd122f91,0.015514671421706278
ck_3199b471575aeb3a,0.0182049047778491
ck_7fa947a0b1c1cf74,0.2699277048279804
ck_a60c618b7f0e4252,0.017097840458098923
ck_722ac47c8ac9b6c3,0.37852350943992596
ck_d44dc3839a195c8a,0.45213384469052076
ck_a2c3e82fab520483,0.129377221982598
ck_6f8ae0319c07cafe,0.00762454322468881
ck_49886ff1e2c759d6,0.20662908453462686
ck_150a1108f936e6b0,0.008279624176795468
ck_e21f9f96f597695b,0.022211995649732863
ck_7297bff2b7fdcbc8,0.0011368255564353277
ck_ee949c71f4f702eb,0.9761887147775825
ck_6fc37dea4b4f35c6,0.28915815344207757
ck_e76257caa98dc25d,0.988005892087984
ck_828eef2334e17b3a,0.029539392810819173
ck_604e1b8a8c693aa7,0.0192038606330413
ck_7743c9fe037d1f9e,0.033287371083391276
ck_864a11202e19e812,0.584984199921176
ck_4ec040b9e3785e4a,0.007658833843206408
ck_7346e4f820d9c00a,0.9631934639032733
ck_48d4d63beb26b623,0.006719238358563184
ck_c423aa6de3ed1e01,0.01230164557180636
ck_d74b2ead8aaa3f73,0.06089064019593933
ck_1dd69a11daa7bf1a,0.18437237049515084
ck_d9143e236eef177f,0.039618161247344776
ck_f790d91e5ff0eccd,0.3649328924264139
ck_69b5620e00ef5dec,0.0031787509679179465
ck_cd32e58e8a1c0e85,0.04973320875407183
ck_064013b0957d87a5,0.9948248067408729
ck_a481385c2e60dc4a,0.0031730779029194092
ck_d72035cb29db3aa4,0.01830908068366005
ck_3759939a0205306d,0.022677577118099396
ck_f437a53fc832ec95,0.9547414433792686
ck_260ef2f3e6434819,0.3319102942338277
ck_35e411b05d22f663,0.047197004056098786
ck_8bf46e472f3e20de,0.38873593156018327
ck_d546994fc5d3e9d1,0.03222912834444061
ck_6ff0fc7487e737e7,0.45523652355987776
ck_5c67f27816ae0b6f,0.01458768138146664
ck_c5517923458106ae,0.0158423931419366
ck_d9735647a6b0b0a7,0.9404650376861097
ck_541a734fc457246f,0.23937880152458535
ck_2f6a639468f41043,0.009058164838898573
ck_bea2cf7a6b7bb900,0.014459058228471496
ck_7eebd0e6ad6c070e,0.01054965305825187
ck_b64c87d5e3b10e6a,0.985802478381615
ck_9dd7daacb7833233,0.08091833384649008
ck_396e9ea9a6c6d7d9,0.028597758710376054
ck_1645e6cc53fa99ff,0.06398374927436687
ck_ea2a83ccb8d57490,0.004024015495917432
ck_e64f0df63e1be595,0.09374559553751258
ck_fa0b234481cb57d3,0.08542686491745255
ck_63379e3c9fe6f711,0.03886696397468068
ck_c67f7944896a0310,0.14227898794123706
ck_c10e54c9db29e6ef,0.9940126869498963
ck_7184ad7709ae4c80,0.20905634083648075
ck_f8b6069d7577fde6,0.010158590791802763
ck_18444be153bac1ca,0.9290523794634973
ck_d0982b4e0e118e4d,0.05932987619779972
ck_6faf3e6820398866,0.04307019081224485
ck_97e980463aca4644,0.003366114867705434
ck_630c835243c66b19,0.9755658613948652
ck_fe429ba3e1aa0e4f,0.015517699599135761
ck_1058129ed7b48c59,0.026239535647144093
ck_04a1a46f07885296,0.06296489088966443
ck_f01e94331067edf6,0.04038269099014872
ck_77b2fb17c29f5e72,0.026244056603749736
ck_4f0c5857da45fb28,0.22904970548528855
ck_2cfb9a7775e8a5bc,0.9896410818391871
ck_6846100e43659bf3,0.008757070385021765
ck_f89719a854fe11d7,0.040886796343518376
ck_bf47375e41ca3bc0,0.003926754727252569
ck_2770b0400a7bef08,0.24437578390749295
ck_2a09d142de1c77ff,0.06031795986778386
ck_857a1f5547b9ad68,0.036764480516319774
ck_185f15b1523bbcf4,0.01764454399909315
ck_ab2aed614ec1cdf8,0.049946203099803056
ck_a9e7f3b2d5dfd97b,0.03274429184069137
ck_0eeb3d9b3e697edb,0.058527756115000565
ck_fa5830d81bc8ddc1,0.0022270677788916683
ck_231ae0329ebc3220,0.016827484123081392
ck_1587763dd54688c9,0.010601020675572725
ck_9f85fea4490c00cf,0.025680368299791007
ck_a2d709e7eb91e4af,0.11018489687873123
ck_43637d28c7216453,0.005433064128374696
ck_f3ab5dd853d38252,0.09757062692032023
ck_4a1f0172d3bf4fd3,0.005565015786973598
ck_517620ca16505af0,0.03033647900856055
ck_9ae904fbef56065c,0.0016847292886186295
ck_d5ef1f6e34bb35b8,0.23351157086950627
ck_ff42557857ae3aeb,0.0021880456622387873
ck_ad9a18f58589faa7,0.007948692102285469
ck_df1a6edaa3e6b271,0.01902774177519996
ck_99021fe7225b5a68,0.1540130590346212
ck_99e52c3c2530b69e,0.9935706750264862
ck_3a4811dc4a1a891d,0.004412797102787848
ck_ba3a6be026c87079,0.02255533214732114
ck_da6d1e5cf6aba6fd,0.026678338356860308
ck_ddc7c1f3d45fe6e6,0.025566687065991946
ck_e1b1e7a7e4a15b3e,0.015328513385450918
ck_8288f7f226e08b89,0.02582486928764239
ck_c4524993ec31dbe5,0.0017156459183597832
ck_8b19bb5b23b6741c,0.03093797915324413
ck_d21b38231a8a9f4a,0.24133172018426333
ck_3f730318a9792292,0.08782676403470255
ck_a4db6e94a8f77f9d,0.3322434087334184
ck_a8cac8d480306839,0.005629846203192549
ck_5472214011fbc2a7,0.005054063842487878
ck_7356f47dbbbe7904,0.027478961048405155
ck_16801e628e883d78,0.04813713264088373
ck_0dc1e536231c4860,0.01947900196525729
ck_7cd0634a6e60af83,0.053622278699106726
ck_ef6f8e048ae1bd4b,0.020067203840612738
ck_82f3f744209888ac,0.11332847517137484
ck_f33188c232a03526,0.664839402843272
ck_4a59f4e10bf45d7f,0.0022372988855908467
ck_d96c893721385e4e,0.002134501241201377
ck_f65ab819373edb37,0.0594011179475467
ck_21cac21fc10b7768,0.021101189026524296
ck_139b54e6ccbdd7da,0.27127888446447646
ck_d6f5c8741697abb3,0.0737725876319099
ck_a28d9bb5590d458f,0.4626716872738952
ck_ed26d906883bea0a,0.010323736244023865
ck_227602ad072b838b,0.003081311646596557
ck_39d5f6c17c745ab1,0.005666651947284123
ck_744eade757ba69b5,0.08932629286660183
ck_c1295d97cdf35ec2,0.018828119224286354
ck_69105f881da3c821,0.07221571976436475
ck_933789b55361d7c1,0.9654497088383591
ck_b667952253503174,0.017229228037156714
ck_7bf668e25abeeb05,0.008141409742414108
ck_91742711dfdffd56,0.14111227641660684
ck_af32a0660090dd68,0.21236851766349554
ck_2122f201e65f76ee,0.016394902256213942
ck_f48acb73a5d6af07,0.16109594088112056
ck_337c5684510cf432,0.24456815263180223
ck_f7bde7265053364d,0.04550213459289138
ck_c190c7b924edba75,0.1531967011970964
ck_044fa3b3a003f0b5,0.12650585199492315
ck_87eb43e3b9d96169,0.15684536910270608
ck_2d3d6c9364362017,0.006586776682519021
ck_ac55dc6cbcdf8228,0.007742958957198421
ck_61d7b0568ec5d6cf,0.05320673455006543
ck_89c74feeaffa7d09,0.004870138485851962
ck_93776b0c113f41f0,0.2030037954378751
ck_15e0b679931f7a8d,0.019857219346126106
ck_77b56c49cfdb1d81,0.6279821244353815
ck_73188a826b5f499f,0.016634683552227754
ck_4f463ef25325ddfa,0.8318965848635569
ck_863db2e394dc47d1,0.9808166446238435
ck_d52432ed597f3cc9,0.011453135473693265
ck_04fb61e5739642f8,0.32976982470363436
ck_2e481d75d110c06d,0.4631446093458649
ck_3fa1a523d77cd619,0.04950087694344258
ck_466dc6274fecd708,0.08964592574286252
ck_e1790b3aa2241b10,0.9696361599608396
ck_84ad096a46e1a960,0.15660557239113312
ck_3be72c9c178fa00d,0.2748032466513196
ck_5a17c89219d1d9fe,0.016071763704795818
ck_4f639f4ee6ce8d9e,0.6500724039798011
ck_f4ec4a935e51b4db,0.08040025060252677
ck_f04040a830f92bac,0.006480408527175073
ck_3e4d02a04be2aaf8,0.08376205265323727
ck_4d1baef193cfb900,0.04986651696101471
ck_0fb3153d37626b75,0.00481942988986483
ck_88ec57a11b11f702,0.9823220799120951
ck_dca9dc465f759db4,0.01120312740921463
ck_64f5fba6af67e024,0.04362205052610822
ck_896096cb167254ef,0.2237500953399149
ck_7878679065876b98,0.14441121095160492
ck_fe8e5a6c880ceb4e,0.003665750998784071
ck_a5e036327d3d1862,0.0019688076767665516
ck_310f73940fc4cf4f,0.037107615140999896
ck_46a8db16ad00b749,0.08200234384592964
ck_0d33977c3de8cfaf,0.9954410321229294
ck_c6fff412f531db0f,0.0013745609693010797
ck_bac6dadf428eaea9,0.06624645792215358
ck_1b96d9af0d7da2d5,0.01068310397412534
ck_fa8a4a9e77799fcc,0.002991815174599186
ck_0bf48607a874b4d1,0.030930842068168853
ck_eeb75f8a6439f65e,0.12370719048275448
ck_a209a5f7d172125e,0.008145911247644352
ck_8f346b72fb40bf14,0.0185041263572168
ck_bccbf9fef367f00f,0.04921586751422333
ck_2d1548f1ee405cc9,0.010111293999596966
ck_e8298ff2dc1e9d50,0.004808134457937058
ck_77c0fb524edb4a94,0.00849315810475821
ck_28ac4c5134cb8e77,0.21906783326791923
ck_db23a0e3e54be60c,0.9234227966934669
ck_a059d00cee5cee99,0.011054717832982447
ck_3e9e3bba8bd363af,0.010797539264582722
ck_0428728df24cdab4,0.03666156456379224
ck_88cd35378075c84f,0.005424593830304055
ck_0174d76398d9dc0f,0.028770563284402962
ck_3f1287e6c27de0dc,0.025637231063253475
ck_ff822700f3605e06,0.9926679305108894
ck_4563227b2038ae07,0.502626124138472
ck_788e78065526ee19,0.09968419219042923
ck_8a16eb584093b12f,0.0053503711806811285
ck_cc276f71ab6c08fd,0.1503627300381541
ck_d61d97b21002f3e9,0.11831794032712512
ck_4b2e87d86a5e415c,0.11263860774294235
ck_3e6f35e4500d2f2a,0.005640035523044209
ck_3acdb083e0d8ad61,0.00785774486136682
ck_cd655202db489010,0.02020576804566535
ck_829cbf5ccda481ae,0.013862722514565915
ck_f5882e6f98b8b4cd,0.004412267059698186
ck_767947540b234add,0.07712890986486978
ck_a6e8e8f535b1f1d1,0.23212670926449908
ck_58412a2674fea506,0.019163195051940588
ck_fae7e518a585fa61,0.07331668961538243
ck_9c60ae6958d68dbd,0.8128650306851991
ck_328696b8f5e54ec6,0.15491912167936397
ck_7df3f8f4f1068d62,0.011916440092592667
ck_cfadd21458230ef7,0.031255314955755564
ck_7048bedd554c703b,0.005726244912027062
ck_50422466f145bfd7,0.005047771428960653
ck_61e1f7168cd9ff25,0.16072947747834934
ck_733aff0f56f5b3c9,0.13122830501175128
ck_e14892e424180549,0.0021127336623804893
ck_03f6664a96de7d0f,0.06907218981367344
ck_b7f4baa2cc82fe61,0.013264491153073701
ck_1e51199a075ca0fa,0.005135998846821673
ck_0e70516fa07cfb17,0.9650718093941866
ck_0f37c554a5057801,0.9273135745637915
ck_5576b725de38d106,0.014044111020873905
ck_82f360df1e9f4eb8,0.20199476358573354
ck_395f3bd4aacd7ca6,0.020428237999042365
ck_5e8e857b63966609,0.48028978067738703
ck_93470896f0804b6b,0.9851867839368065
ck_3be854e42e76569a,0.049914188067841384
ck_0567302c57a2417e,0.6078888971504268
ck_ee535461b5f05539,0.6271050231866655
ck_94a096c36162a153,0.03983426573617292
ck_dfc8f5c141fd7c63,0.05463917780429965
ck_98b34f2d704c1c2a,0.03646003360022418
ck_96dff7a09d45f116,0.27953693437231364
ck_79557434c129ba52,0.007687989306603811
ck_4596624a7c01d501,0.023061287077256885
ck_04e89fbd739243fa,0.006109096403694815
ck_6149ffaf18872dc8,0.007668104956145766
ck_cd78f0832a09bd8f,0.9338194314335247
ck_7e29c10d781c3b41,0.027810011212051216
ck_1f7ee7b23fc6f2f4,0.01104010127266754
ck_c49b685d2b3ab89a,0.028609630276361365
ck_84569a8fc50e73ac,0.053521637707417635
ck_b92b11d205af91eb,0.0028056318598477553
ck_06280e6d6d2485b0,0.02432969247703249
ck_3c08546dd0c92863,0.051085264706510695
ck_99d3983f907828bf,0.004334062492148597
ck_eccfd552aa652d3c,0.0744124500978578
ck_0cff8153881875ba,0.018194406149657727
ck_c1aebbeca6ab5ff9,0.021423299935041835
ck_538fdbbb3c2bcbbb,0.0675971435167266
ck_8c0210322733c718,0.013736280569707614
ck_0b0c93039f987abc,0.038415923522424976
ck_6d07d6d1bd227d37,0.2923640761446046
ck_9b6ee35e8cd0b11c,0.00794850973073257
ck_d838491d3d4f5ecf,0.007275223556658852
ck_0593ae243a9ebee9,0.03365243175822594
ck_ef261fc09be8eb0b,0.006182400105946257
ck_d0935b571a4a3868,0.03457900903969151
ck_97d04a67a104af39,0.2997355478316739
ck_e25f70d0b7229420,0.05254116896007692
ck_9b71274ff83de482,0.9878191656624489
ck_6de2aa2bb60978d3,0.09280986764440054
ck_eda55c8fb47593d7,0.020295146102547373
ck_924e572517515f19,0.6315221562456578
ck_d6f27eacbad310f4,0.030024248402113082
ck_8550f229b5eb03ab,0.006661820648763632
ck_e3e95546a84d0ed8,0.04991411125114933
ck_3135c019696ee6af,0.9803354520995942
ck_41ba315d8fccb559,0.01720637072176255
ck_72b86e4485da2d0f,0.988076051333821
ck_daaa995f3c2f0e47,0.04353785653292427
ck_053746067839696b,0.06873436420661498
ck_a15fe7d0f4b65c33,0.8497131272897345
ck_15de11438732bb05,0.01082389545768006
ck_2c4d25acbe3fabd9,0.024021583813206862
ck_7f08078908599bd2,0.16548960812854707
ck_e794741742fb2619,0.041963593623255746
ck_238e53b6dee8c301,0.002792134384828628
ck_53a6a33060d5c8b8,0.006633267658054118
ck_0e0919292ad33472,0.8772269771715461
ck_d86ccf148c06c8c8,0.11274793118442657
ck_c881f26c9bf9ae42,0.8769053765554763
ck_4b0947bf94e9d847,0.23988341505387317
ck_e10ff5c38bd18470,0.017475981496507885
ck_b60de9e97aad9e45,0.9077336747284035
ck_190bc849e5ff5401,0.03874559721330077
ck_e7be077aa0b2632c,0.013729510544075186
ck_a51abde881ebeff3,0.03251179060722262
ck_2208392a9f6bd249,0.06621195470115145
ck_0259da8f109017e9,0.0054025201641895925
ck_05e01ab9c95449da,0.05063214165040095
ck_c82897ebffb6ae66,0.007280093580575194
ck_b4a6bb4689cd7cfa,0.04646553977485539
ck_9e21ea33018ce538,0.023368258228491885
ck_caa348f0e65db062,0.9909216166588654
ck_a964e6b5d8415334,0.810791997260375
ck_510bfbbee37ff436,0.06659653891861736
ck_9741a82faf5c7889,0.07984257109895444
ck_e7f61b4a39ba98ac,0.0021666369405255897
ck_069d158665a53909,0.017209240300655532
ck_6426427efe3228af,0.09228019945036628
ck_ab4a8d02ec3c0fd7,0.0016505790637584227
ck_aefa0d8d933e0eca,0.11084858855363172
ck_232325ef6bce92f1,0.020496004464145606
ck_14e58c3fb26a2b4d,0.14157989893046521
ck_06e73afdec26aecc,0.2910054570347351
ck_3168f4f2778d64e1,0.039296572082180216
ck_ff3998d6858daa21,0.0015571508481507898
ck_bccff46fb0868454,0.7941405840796492
ck_c7d444d90fa86d7c,0.8885059196082072
ck_f0bc3bdee6bfbb94,0.03139966920026962
ck_f7112818a6d81422,0.17972066736983006
ck_aca35dbcb835ad02,0.20973210754803032
ck_f637fabf0f60528f,0.00850613180224857
ck_53d17ab97de1ac3e,0.009338486105445888
ck_c8c1bf16d9113493,0.0638194776098324
ck_e842fb0cf055a83b,0.08275038506795956
ck_93c0cb3dac4891fe,0.0360289615193027
ck_0c1f088e17e46daf,0.040138464095276716
ck_8f4b384955bf57c9,0.012991451888298424
ck_09cd5c4df1e81ac2,0.3117789868644597
ck_1e832a5b2342554f,0.1029876479919332
ck_2cb763a881aee27f,0.003788244005042542
ck_5875828b11406398,0.023337221793454294
ck_48e84b0cb0b90fa7,0.18845447646587513
ck_833688de8629c5c0,0.004992779605999006
ck_117d78ccd5820f36,0.042274499877603934
ck_668ec61c4c39cae3,0.007045508359269196
ck_73a7794b659d7a34,0.004147091787990146
ck_10f90d879209734f,0.07405324581799284
ck_d1d079913aa158bf,0.004196047780894067
ck_01c631b38e8a9535,0.034975061809358464
ck_f6923088c17a04e2,0.3164162656062679
ck_b447badc9138987d,0.007164573950104259
ck_8b772caed8f1541c,0.004127861295092586
ck_5403c76fe68a08ba,0.6809968259126912
ck_3e6833574edf1736,0.007697439556604786
ck_e527fbb9450a4581,0.9791612392303849
ck_cc90e219f1ebf390,0.004447469647405222
